path	size	sha256	git_blob
lab/data/DATA-PROV-L3-001/provenance/DATA_VERDICT_W2E_STRIKE_L3_JOIN.md	3116	99fc1d0635e95f6740adecdc1d80b30ae3454286b41863b65f7706a360b0a793	52432aacdb532a7bbe0ff60e41a1347abdb5933f
lab/data/DATA-PROV-L3-001/provenance/USABLE_COVERAGE_DATA-PROV-L3-001.md	457	00633dcbc47e6d7434f7d471811de470fb29586aac786a2243efb8f8d5a5e555	6a55e7326ba1cc699d536e9a523eecba3293d65f
lab/data/DATA-PROV-L3-001/provenance/VISION_TIMESTAMP_NOTE.md	416	ab89eb7e221a38da895399b0d6be98a7c876889615a2f3183276041934d38fc2	9bbd043f12fc30bb779cebbcee28dff3aea868c4
lab/data/DATA-PROV-L3-002/provenance/LISTING.md	730	48ae2a8e9a3c0153ce6ece06eb9f71f05368a0f26015dab62c9c7aaf8d504142	ffc22f302d520dcdefcf3dad6a745d8e8968eada
lab/data/DATA-PROV-LIQ-001/provenance/DATA_VERDICT_DATA-PROV-LIQ-001.md	2468	a7b2064381e47e55472b74cfaac3642c91d12872aacd4a901fc4003dc66425a4	664846b488f2bd8780ff7c894e7fbb9155a3af2d
lab/data/DATA-PROV-LIQ-001/provenance/FORWARD_CAPTURE.md	3053	5f8b49449c7fb810f39f1ac6135766a7ce941199b83fbdf65a96cefb1034b1bc	927e8673da602b52a488bb928714faed3d259a21
lab/data/DATA-PROV-OI-001/provenance/CLOCK_AUDIT_REPORT.md	11567	b47ef613e87c95fb9376581e41a0ad97410d8727bdc46a5e7356cbb5606c5c36	03de398b75c9c4631fce4afeafb7588e9364af36
lab/data/DATA-PROV-OI-001/provenance/DATA_VERDICT_DATA-PROV-OI-001.md	4873	7679153eaa7680d85ee1a610d32a0908c3a6a331b9b078ce54b9b1414dd5b6c0	60726c0ccfc5c1375f94497fe8e26686e6753ed1
lab/data/DATA-PROV-OI-001/provenance/DOWNLOAD_MANIFEST.md	4008	8060b75e6a062041569e22215273b7ea38da93ee24bc430abbe7f491581c11c3	4e937a24fecc93c28ba8937575897bbbe20772f2
lab/data/DATA-PROV-PM-001/README.md	386	1a2e68c40e04f52e947f7ca33e5c92bcadb6582bd24de7d692a2c1c7f74ba770	fdf6f6b208b7af2b4884392ef061b1ba43d1c855
lab/data/DATA-PROV-PM-001/derived/checkpoints/README.md	443	b3aa5b8f84fc9100420c6b1e1cec35844719f8bf19443d7fd34c21fb3b869fac	4063e441884348b65f31d42955738b37605fc017
lab/data/DATA-PROV-PM-001/provenance/CLOCK_AUDIT_REPORT.md	12385	1637684eab4d2ceeeda0bd0fc52bd8f1ee5e1f20d9c7242aae68cb1d56378be5	3ef9c7b80c02fceb4ff2e78048f8b7ea463d3ea1
lab/data/DATA-PROV-PM-002/REPORT.md	6902	bf50bc32c4b446e3cf39e6caa41285798bbaa7c911e541527cdaa57cd9c35e53	59963200dad92c35296fae47fb9771cbc4f57c66
lab/data/DATA-PROV-PM-002/provenance/CLOCK_AUDIT_REPORT.md	11401	ac7356e4384e84cf41bff57200dbdad0e525fa57c2d78e57b36a3fad643983c6	cd516532ea48d3d19fc5c49c92298f5b613e4b11
lab/data/DATA-PROV-PM-002/provenance/REPORT.md	6902	bf50bc32c4b446e3cf39e6caa41285798bbaa7c911e541527cdaa57cd9c35e53	59963200dad92c35296fae47fb9771cbc4f57c66
lab/data/DATA-PROV-PM-003/REPORT.md	3235	3b52061cbf69fdbbcec9f7e0bf6388af4ff432a3440ae64c2dad3813e2be1199	8f87bca28fbc6b299250fe1b4e3cb0df2943cc48
lab/data/DATA-PROV-PM-003/provenance/CLOCK_AUDIT_REPORT.md	11735	e02fa80ea69f99abf1c4ef7ecdcbe350250a47bfc6d8589d80d1270aa1f9aa92	d61d950f62d5e148f57187a5e678de38ffcfd386
lab/data/DATA-PROV-PM-003/provenance/CLOCK_AUDIT_W2C_SIBLING_JOIN.md	5629	7be93fb7f6c7dd27b36a55279b4188f8d1f09e1892f48c985831f2a4b86e501c	607aaa954f6274c2cde4da355a9c16aecbcbeea2
lab/data/DATA-PROV-PM-003/provenance/DATA_VERDICT_DATA-PROV-PM-003.md	4208	c082b51581fca7de3294d113667b11f1d64d4f82d8b6b82f1f6f4a3664c6e879	ded6d8befde25430ab7f62fc99a4fafdec68c9e9
lab/data/DATA-PROV-PM-003/provenance/DATA_VERDICT_W2C_SIBLING_JOIN.md	2932	624541841be9526276322c9c7218c81fd22976dc9dc51badddc81040bca88e5d	48eb3df91fcad8e1fe9644c2f0c51f85367a8c78
lab/data/DATA-PROV-PM-003/provenance/DATA_VERDICT_W2E_STRIKE_L3_JOIN.md	3229	4519481bcf8bd94d80d44e51b20cc1e5924e26aed79fd92268ded17c0e895a3c	77145a4114c4c3ecce7ba6219c4dcd050d980c4c
lab/data/DATA-PROV-PM-003/provenance/USABLE_COVERAGE_DATA-PROV-PM-003.md	359	7d4d40466947e69577006c565c3053172514d2fe6e6d7ca684ef2dd4df62b38b	688640938ba1407bbee5ad142f71bc7b91b990ef
lab/data/DATA-PROV-PM-004/REPORT.md	1942	b85900412943cbdbe9aa6b5ffdecc45d673f1249753aa477c02d29dbe45c06dc	db7e14409bad95aa9f68d20d53540a374ad9aee9
lab/data/DATA-PROV-PM-004/provenance/CLOCK_AUDIT_PM004_L3002_JOIN.md	6266	ee5a45fa13a5cccf8287cd84f2930f430787471a96e10b37a7da41568dc8036f	31002f4ffd50e83b1f1b0b7e8251374d44ebea4a
lab/data/DATA-PROV-PM-004/provenance/CLOCK_AUDIT_PM004_L3_SEP11_EDGE.md	1632	3339e36e5ed6649caa6e195ecc1ce20bb2ae7ed45aca14dcf31b90401f2090d3	506705915693f3a944a52085cae167ca704dcb4c
lab/data/DATA-PROV-PM-004/provenance/DATA_VERDICT_PM004_L3002_JOIN.md	5300	4296fd0901f82a66ea850bbc32ce15eb47467b70367c739716015d67cb2ea99a	a33962788bd4131d3175e375c962b7c053741ffa
lab/data/DATA-PROV-PM-004/provenance/DATA_VERDICT_PM004_L3_SEP11_EDGE.md	2779	2fd35b74fe12dae12b958e7a7d0a59e237f4c623349b8103368d44be4fc962c5	d1076deb51046c1a7d13494e2f5b2792ffb432e9
lab/data/DATA-PROV-PM-004/provenance/INVENTORY.md	3260	7664083336dde021264cf4ef31194047d8722d4a89877a488410322514ce48fb	f75bbd9216e3cde4993892305bd30e7c00790b99
lab/data/DATA-PROV-PM-005/README.md	370	b177b339a1cbc4edf0292c7d1ac46728e703da47e48e319ee4443bf9977ac6eb	3f443e929c5d3e1b3b0fdc0501503b5ca63c7305
lab/data/DATA-PROV-PM-005/provenance/CLOCK_AUDIT_W2B_INCUMBENT_AT_OBS.md	7198	3eea4752e18ceebcfadcc1ceb370597fbb316b163434345e6d15370a7a09112b	67724f4b30b52261eee1e5d1dfe9b14a15b984f0
lab/data/DATA-PROV-PM-005/provenance/CLOCK_AUDIT_W2B_POLY_T5_JOIN.md	5995	8132ad090f72d0136504f3f6e39682c19a5cb4b457d87f36996e6e8441ad9f60	f0ccb469ae4cac48953d196b0e6d4e0a9476d238
lab/data/DATA-PROV-PM-005/provenance/DATA_VERDICT_W2B_INCUMBENT_AT_OBS.md	4072	70f585cb85305e1aef082fb0539c205ca7c5dcf5b17b0bcd4f905c4d20136da2	542aee915b7467008f5bdd9631c1773bac65654e
lab/data/DATA-PROV-PM-005/provenance/DATA_VERDICT_W2B_POLY_T5_JOIN.md	4719	c7baea7302e4a08a0ac181efdc474c73bc019e6cd88f1492b977cba67e7e49f0	49ad0bec77d9693e56f793ff594a6e8439b498be
lab/data/DATA-PROV-PM-005/provenance/INVENTORY.md	3751	8a832fd6dfe666f1f8003d4f04ce4c02a2af45e01b40f20729594b40c9c0baab	335e9c2b3e645a33f6485517c7100f4237ff0bf2
lab/data/DATA-PROV-PM-006/README.md	447	9a75009ceb0f5a4d1b3884798ce1b4873fed6258852d06331713ee579e9de36e	8d60c3cfad7bfb9746ae8c3d853c1bf8ec5e7284
lab/data/DATA-PROV-PM-006/REPORT.md	1289	69fae5d62ab030b3929846361847e42ac28a3f8fee38ef9581642befcec6cb00	674a156de2024254a345a9af704abf90b4d99246
lab/data/DATA-PROV-PM-006/provenance/FORWARD_CAPTURE.md	1748	e88f72af101faae2cf16d24e573189a5e13e0611887aa892d93b0784f48bd58a	9e8dd4b523d185eed60114321ae02498bee7cd33
lab/data/DATA-PROV-PM-006/provenance/GITHUB_HUNT_2026-09-13.md	5814	bd17873ec21c82dab17c9541545790598eb4b13d917ad226228a3c65644a68a2	13ced33980c224071cf7969b372e13a90e34a464
lab/data/DATA-PROV-PM-006/provenance/HISTORICAL_HUNT_BLOCKED.md	5151	0540eaa81ab041b83b4d9d33c993c7ff1d027c4256ef8eb1a457146cd502eb35	e2a2d2d49dc809b2a665be2d373c7d4e49283b0c
lab/data/DATA-PROV-PM-006/provenance/LIVE_INVENTORY_2026-09-13T2339.md	326	788e7e8067e9d1c9d8a4ca9bc82e5fba02a702813f8c8ce58fdabb5e4080001b	2073641a5d2a73fdf4a501d14a5472319a74d65b
lab/data/DATA-PROV-PM-006/provenance/LIVE_INVENTORY_2026-09-13T2349Z.md	358	ce4d66f25c5849f33c94477c53a10d8042b5323798290773b9ec50f1a0d3f27d	e343fc3affce200acad017cb588a5bbff54914b5
lab/data/DATA-PROV-PM-006/provenance/LIVE_INVENTORY_2026-09-14T011205Z.md	420	c352c47a8bace8a8375e5dd63176ecbba93f08055619e1ac87e3bcaa2ab170dc	0e2f9a4f5e5f93b18b646350a0b2719c852c80de
lab/data/DATA-PROV-PM-006/provenance/LIVE_INVENTORY_2026-09-14T015716Z.md	440	de9ba0f61f88fd2442df7a9ab0081c301ebff0d066e9c380a3080a28342a32e3	aea36e34babc1d3f98c7a049f45d3c5ef96232ee
lab/data/DATA-PROV-PM-006/provenance/LIVE_INVENTORY_2026-09-14T1358Z.md	502	621dd5eac75be402bea01b6d812f828a86732805bb2f0b51e5cccc1fe24858fb	5c89c79fbe12bfc599531d54143dd884297e6185
lab/data/DATA-PROV-PM-006/provenance/LIVE_INVENTORY_2026-09-14T1619Z.md	481	a706a7ae9335ae7eb76f40d8e634e9d274725c8f47a328c3d3dbd553d8b472cc	bc1b99ebb529fb42a96cae5ab4dc873f32bed2f3
lab/data/DATA-PROV-PM-006/provenance/LIVE_INVENTORY_2026-09-14T1857Z.md	492	8fbf6f1d710381073f2c8d77cbdd169abf17ecc1be2e9ed90ccb8236d0a1de15	82bee3581d4529be21a4959a7bc23ca7e8086895
lab/data/DATA-PROV-PM-006/provenance/LIVE_INVENTORY_2026-09-14T2152Z.md	551	168a5f12c3a1409bc1a4dd9feb1a0d730523e9619ab150432aca76e116d3e736	6176b18c685543a80212329934e7f3ba693a2418
lab/data/DATA-PROV-PM-006/provenance/LIVE_INVENTORY_LATEST.md	551	168a5f12c3a1409bc1a4dd9feb1a0d730523e9619ab150432aca76e116d3e736	6176b18c685543a80212329934e7f3ba693a2418
lab/data/DATA-PROV-PM-007/FETCH_SUMMARY.md	2067	232dcae92d5f0ce72e1e677b8deb13c9fbef40696d454d2135de8a031aa19af4	a7bb8b58ad0bf497b1424f37cc6882c0a396fc7f
lab/data/DATA-PROV-PM-007/GITHUB_HUNT.md	3218	1c0e1c22bce1178e67a1a9b8a7d5b6b82e20f3ceec10b0b08734c9dafc3df48c	a4a13a9ccf944d222052dddc4ece962f00b2af58
lab/data/DATA-PROV-PM-007/INVENTORY.md	2336	a4dc1c8842a3503fe45d638fbea8bb3914a686f2f7e6d7abbc1db58700026b99	12ccfbc18fcc381f8831ef49b4981f39d2a786a6
lab/data/DATA-PROV-PM-007/SPEC.md	2165	22bf68ba035c9362c22a6b9f2b6175620b1d8537d81a4bd99bbca67fd642d894	28e0ca7446c14d41b015023283634f638931095e
lab/data/DATA-PROV-PM-007/provenance/CLOCK_AUDIT_PM007_T3_JOIN.md	3787	9d8460473bf89cd39ce42603a6bed451021336d998760fb3b968ab9b2bca38cd	d10026fe5c0858dc03560e9a24735bc72fcb287d
lab/data/DATA-PROV-PM-007/provenance/DATA_VERDICT_PM007_T3_JOIN.md	4517	de12b56eddc351b3c4b97348680a7afb8fc4220afb3a1d67b1ec00a938107edd	d7592da0aea34e8263c271d2a366343a5b2654e4
lab/data/DATA-PROV-TRADES-001/provenance/CLOCK_AUDIT_REPORT.md	10572	da37b749bd3b53f71f4fe8d71f4493f8c68113fb8dbe4268ad61241ee41aaed9	53ba8b6b3dcb734ccf65dc8f06da8777332db3a0
lab/data/DATA-PROV-TRADES-001/provenance/DATA_VERDICT_DATA-PROV-TRADES-001.md	5557	aa64e6f6f2355e896d02b67b69f38bbcfd70877bec0ea7a52dd74e4d5016efb5	3a79388fd2a0c88f7f8105cfe5bf734b61d8bd7c
lab/data/DATA-PROV-TRADES-001/provenance/DOWNLOAD_MANIFEST.md	5267	da1c9338a2cdd02e1dd7046504e290f5795fa375b8fa16fb512ea36b05ae480f	8da499b1cbfe92b585834b1e0ae367330bc39055
lab/governance/astra/COLLECTOR_KALSHI_GET_BUDGET_2026-09-24.md	9915	6fcdfa2e2f18727a5d2fdd50c5853852f973a1d6b65556fc491dd0dd4484a61d	4a0c8e71b76c39fb03211b4bc0d5bae4736782fb
lab/governance/astra/EDIT_LOG_PREV_BYTES_2026-09-24.md	3505	762a6c052a7ce493db3743d5079dfe5c521a8e6fc337dc007d27eb9f9c6aac38	0aed43c2730868a8c53d8316d37f874f24c47025
lab/governance/astra/SCOUT_CARD06_COMPANY_KPI_OPEN_WINDOW_2026-09-24.md	11484	78d53479462d7c3992678cb2652cf0d711f931f96d3c9daff8edaf5321b30eff	18db26915bcb75ae04cf51b57b0b05a30e471d4a
lab/governance/astra/SCOUT_CASHCOW_HUNT_2026-09-22.md	8555	711a75d4a1cb3266de5fdb44bb27e08255b9df86527243edeedc927cc8df96f0	3352822d948eb15776617eb1d40e4fe329e9ee5c
lab/governance/astra/SCOUT_HOUSE_FEE_SOURCE_2026-09-24.md	6066	02fb1de12c573c2330899562cd832b48bd024a1c9f0e3886f23e1be83751b8e8	b54e8af921e5fc86601b503c87694a359502ab80
lab/governance/astra/SCOUT_MAXIMIZE_DELTA_2026-09-22.md	7928	7ce64469dbffcd6b545e9985ed9bfc01197bc33fdabc180bdc323c224c0b290a	2479e694ee2e6c860fcafefb128859d3231c8163
lab/governance/astra/SCOUT_PERPS_STALE_QUOTE_SCREEN_2026-09-24.md	16332	773e5abee36f6aae51dc49d0e8bab08f7e800a040b06754e47f5d02b3bda7e43	4d65f2d2f5426b1ce902c093c951a1e6890c304d
lab/governance/astra/SCOUT_Q6_STRESS_KERNELS_2026-09-22.md	4923	31959ee6255b1b74339e21958c37b27e2bdcd67f8415866165a6be1f1b6ba9da	ee3ab60a2a6c5ca2014744172bf2e79f10dad5a7
lab/governance/astra/SCOUT_R2P3_PROP_SLATE_2026-09-22.md	5086	f7420093095d378f8050de977d76191cf1d7e0b08b229f9bc9fa398da857971f	367d1fe968977adc27aec7aca0a03d1e4050e73c
lab/governance/astra/SCOUT_SPORTS_Q6_SCREEN_2026-09-24.md	7406	fae1d7cb85279a900e20043da697ab189c77c7cf4f7131f8607b6310548f0047	f36ecd6dbd60cc6ae5215e5ae9129344f91ed7e7
lab/governance/astra/SCOUT_TRIAGE_CASHCOW_2026-09-22.md	927	a4b4cb588c042342b8f5d936e98e0830c788f83f89d3a3517f83be77f4dea679	769b156998da34285ea09fa984a9d9c957b686f8
lab/governance/astra/SCOUT_TRIAGE_MAXIMIZE_DELTA_2026-09-22.md	734	01882f3fcf2a4bb6b8c658ad6fd155c20c4c13c1d8f87810be718ff562512639	d8fccf5e8aee4a5e9a4a51a091a5277e4b771155
lab/governance/astra/SCOUT_TRIAGE_Q6_STRESS_2026-09-22.md	705	1784713527a8fba38c6693b10965e4796e27207b7348889a5ed82d3f561ef683	0af8c2e4a8509226f31b21065feb72247ba17605
lab/governance/astra/SCOUT_TRIAGE_R2P3_SLATE_2026-09-22.md	525	d832838ea9212afabe9e03c398edda79dbdae283225b2549b03323e709c75a9d	955c9cfa7b4bd952431b31c11721e40a47523478
lab/governance/astra/briefs/C1_UNGATING_CHECKLIST_S2_R2P4_2026-09-22.md	4307	4acc4b5f63ff2139238ba0d02a081b7f8010c6c97bafac4df77cd00f4defd5fc	c7a0fa00efdda62b798b86286701519cb56f6b14
lab/governance/astra/briefs/CARD01_EXP2_CENSUS_FREEZE_ACK_2026-09-24.md	3036	e0b8584935cc4cff9afb7973542da60944c5f2d45393ebb826f655552a5665de	6b5a3f737d8ad002436c4ce06cd2e58fe1fa63cc
lab/governance/astra/briefs/CASH_COW_FREEZE_ACK_2026-09-22.md	2064	2d5309bee814f729ee340f335f640b415aba56bdd4959b8d2f7ad37470bdf5a3	b97f75066b117a0133a351d06f2fb11dc8b091e5
lab/governance/astra/briefs/EDGE_RESEARCH_CARDS_01_02_FREEZE_ACK_2026-09-24.md	8378	817a70f2183eb187408cb0013f76c9fbb294454ea4c17608108225820db1dce9	abdd1e239b0a5387852db858ac4143bb8c4db260
lab/governance/astra/briefs/MAXIMIZE_BACKLOG_2026-09-22.md	3431	f08c0a15ce898442cadd7bf7d2eb9c72642b51d7784276479d7a0e839edf5a24	31062a4ec82a9b6f982f3af3a1bd08bdb5a76857
lab/governance/astra/briefs/R2_CONDUCTOR_TRIAGE_2026-09-22.md	1259	ae88aa39ad664b27c2fa9668913e4382eb3b32a40d988a2d317d15f6864c39c9	4ac07bae3f0109da2c514ecd652ecfd04d43a3c7
lab/governance/astra/briefs/R2_DEEP_RESEARCH_2026-09-22.md	6981	2dd22e725607cd2d933d030b4b8e1094101337a0cc745562e4910ff8361a96f3	88e48dc00b84a76fe90abcfbc7cde9e19b74e893
lab/governance/astra/briefs/R2_P3_FREEZE_ACK_2026-09-22.md	765	85181889782a42a54442b2b80d71abf39952c70b9858dd6aaf88d16313e94f68	b16d8b478d82fcc7aa4b88835cdf511f4510a558
lab/governance/astra/briefs/R2_TRIAGE_DEEP_RESEARCH_ACK_2026-09-22.md	605	a1e0642e6ec573830e5fb538d9049d22d56bfcf7c8c99f0a798849235ddeb0a1	c0433f7d67682ac23afd1c621d1359a67dc1f1ab
lab/governance/astra/briefs/R3_DEEP_RESEARCH_EXTERNAL_CANDIDATES_2026-09-22.md	13379	54555240599a114ad8419d589b36eeb9326f44864ae55014d6bfa58d0f4dd4d1	15f02f12bb774f7128c849edc40b8c32166ae393
lab/governance/astra/briefs/R3_TRIAGE_FREEZE_ACK_2026-09-22.md	736	e30401f9c712e7fbf86aba16d4ed4ea3aa0443bf1598f1667632ce8244088b50	47fa9161bba587a35f4cc1e53df288d9260320d4
lab/governance/astra/briefs/S4_FREEZE_ACK_2026-09-22.md	645	8e92a2f85be4cc014ea422bf88bb8d9b4809a6f679245b857ae224e9fae55b83	960203c1bcc9b9e08d0812419e8071097097d4b1
lab/governance/astra/briefs/S5_FREEZE_ACK_2026-09-22.md	649	f955b7cd73162b3aa9735af910d94d6a971921443379c74d76dc954b265ef8a0	2cac58cc42c717400f1700f6d40e955b0740890e
lab/governance/astra/cemetery/CEM-ASTRA-20260922-001_Q7_ARM_B.md	2040	1061864d8ef6a6bf44b8caafb42dd8e96562455c371a74bc75b2d1c0f27f65e8	b4980557b5a5561e20e8b9c7a8d80bbfa4baaff9
lab/governance/astra/cemetery/CEM-ASTRA-20260924-001_CARD09_CRYPTO_SETTLEMENT_WINDOW.md	6506	7dca4c57ed5dc0d7942876f77e14aa228fc76eae594cd4b242551d3ca8ab705e	51fc9db9a46e3cdf16d163607fc5e1572dd36f14
lab/governance/astra/cemetery/CEM-ASTRA-20260924-002_CARD10_STATIC_THRESHOLD_BASKET_TAKER.md	5423	9e27fec93344f0351af49c853cb9bcce5a75a019be8504a0f908a8314b76a4d5	dd696deda136bf4215895adaf776a059f786700a
lab/governance/astra/cemetery/CEM-ASTRA-20260924-003_CARD06_CPI_POST_RELEASE.md	4904	3e2059032c541ddeee457ae8f8e7891b92e73b7cef64b99e0ab0c13e6d2b0f02	97c8e4c1ab270c96956b0815329d686c6144eb04
lab/governance/astra/cemetery/CEM-ASTRA-20260924-004_CARD03_SUBSIDY_ONLY_ZERO_EDGE_TAKER.md	2882	fef54c5e5e741e6b00c4b02966163571b3bc8fdc27a84620ccc1534de7ed0255	32f3cd5a48b070d765815718de265925415f9b44
lab/governance/astra/cemetery/CEM-ASTRA-20260924-005_CARD04_PERPS_STALE_QUOTE_RETAIL.md	12097	3e5319092f15a3c954fa8408caf82fc8a8bb8d2ce55275cfa8a7f1b38f72f841	cfef31bcbe445414c99af1dca76b73ad6d4c626b
lab/governance/astra/cemetery/CEM-ASTRA-20260924-006_CARD06_MACRO_OPEN_WINDOW.md	2981	b57a819677e0f633462b021a329b25616806502dee4117286277203c9292545d	a9f953fc73ddccfb61237919009133e624c87dff
lab/governance/astra/cemetery/CEM-ASTRA-20261001-001_Q6S5_KXMLBSPREAD_FL_BAND_MAKER.md	7299	41ccd2825c98375135a81e0ae390ecc1e8ebfd9fb94a1e6c6a9f96efade11d0c	ada94dec55b3cbfa5bac2175a0b0533efeb651b9
lab/governance/astra/charters/DEEP_RESEARCH_MASTER_BRIEF_v1_1_2026-09-24.md	22363	02272754b01da5b65edd837545e485f4fd4dff2903a7ae1f52d9cb5e616fec5d	00846e6439cef96b3446d86d61936ef92dffffcf
lab/governance/astra/charters/DEEP_RESEARCH_MASTER_BRIEF_v1_2026-09-24.md	21734	6a02cb468a4b6c600fc3a16078a216a6095321c6bc92c24b2a7aca58f149daa8	afbfc02381f31bb2b033c6ca04f1e518c6783cf0
lab/governance/astra/packets/ADVERSARY_CARD01_NH002H_LEAKAGE_CHECK_2026-09-24.md	17967	9be7f027a79af1807f9ac0579efffc63465aec5f66af4625976b8b24801691fb	d3fb4bd5203449abc38ab558ac0cfba9ed078f9b
lab/governance/astra/packets/ADVERSARY_DEAD_CARD_OVERLAP_EDGE_RESEARCH_2026-09-24.md	14526	b434220493c8dfae34c123786153ad038ae3cb2832272254a2e97673f7e87fdd	ee3dda56c09c33a07a292544bc5b147c7caa4156
lab/governance/astra/packets/ADVERSARY_EXTENSION_OVERFIT_CHECK_PROTOCOL_2026-09-24.md	6777	0ef03e517f802165de5a5cba1bfadf7d4ca255c7a0a606ff79e31f3515981c51	8527224e35cbb8c4a31d8479a12d0939eb8a99a1
lab/governance/astra/packets/ARCHIVIST_ACCEPT_AMENDMENT_B_AND_COLLECTOR_A02_2026-09-24.md	2673	41b09495c92a534f822fe74999bdbf2a1320c3e1ed5867cef4f845dc79578044	9f954c2ae59b171581462c1de89aebf2d0df0560
lab/governance/astra/packets/ARCHIVIST_CARD01_02_LINEAGE_AND_AMENDMENT_B_2026-09-24.md	3971	1a39f654ee69df70bfd9e78b3494d427979349adf469eee47263e54da4a841b2	25543fdb552b7f68c226b0b46c6d299d6d78e0a3
lab/governance/astra/packets/ARCHIVIST_CARD01_02_REPIN_AND_PROBE_RELOCATION_2026-09-24.md	4070	d667e753e96332d0ada5a0b2755605d076642897bf5cdd6c90ce30aeb063ad0a	7b4ea2a64f60505b950b7a3da8dcf96b22446ab6
lab/governance/astra/packets/ARCHIVIST_CARD06_PREV_BYTES_GAP_CLOSED_2026-09-24.md	1133	b6fde4e591e94968a1be407c1dcaffd246c084827ccf10f88e44c374d33e3187	8dec92f0ac9d54c0a5d94e84c1a2437c868ea86f
lab/governance/astra/packets/ARCHIVIST_CATCHUP_INDEX_2026-09-24_2137.md	3420	377017a42fe8350377bc4183c46c503069603fcbcc5570315d3115da1dee9980	b23a18882206ee346b98bd693aebaf425d68d630
lab/governance/astra/packets/ARCHIVIST_CONDUCTOR_RULINGS_RECORD_2026-09-24.md	22904	17f31d8f016a4f51f4b1c27406daa7b0da24e0ab0ef762f7dee2e8554d3a9fa3	a212ed9c6e8f4e72abf260b5be1324efbe3507b7
lab/governance/astra/packets/ARCHIVIST_FORWARD_AMENDMENT_B_2026-09-24.md	2471	2c6795667c48cee56717abd39f4d65171dc69466120427e1ef1bb82bce0429e6	1258a11e9dfca6dd7f6f294df9a3fe4c8e7b8097
lab/governance/astra/packets/ARCHIVIST_INDEX_BACKLOG_2026-09-25_to_2026-10-02.md	46408	0e479b7f74584724200f9d61954868373a8cf7f5942db21461a2b380028ec638	dc74f763959221f4f2f418beef7544225d37cdc1
lab/governance/astra/packets/ARCHIVIST_INDEX_CARD01_EXP2_CENSUS_FREEZE_AWAITING_ACCEPT_2026-09-24.md	966	83ded05afe0160eb5d68196605150b3f840fbcfb63fb9038558b85e1233bf1c6	d9ca8110e99d35595c5fbaf959c824338e5aa8e0
lab/governance/astra/packets/ARCHIVIST_INDEX_CARD01_HOUSE_MAPPING_2026-09-24.md	1145	bd9f14ba6dd0550e9202418e6ace65b481dea0407afc5a7390d82f0eb394892d	00952f539672e5a9f1bc95ac21ec470cb34975ef
lab/governance/astra/packets/ARCHIVIST_INDEX_CARD06_ACCEPT_AND_CEM006_2026-09-24.md	1903	08dd679e73f2d45a4822ea9faad854221607740157b28fae6c3042c9e04351ed	7250b6cd7fd27eb345c38fde2c90f22d598b90ac
lab/governance/astra/packets/ARCHIVIST_INDEX_CARD06_COMPANY_KPI_ACCEPT_2026-09-24.md	2777	8c8e3db3a9876d093cb781d7b3852ffcf37eb7eb71c585a6c170272801d00574	70ba2bf197c24e9808549e5593d3937a42a28174
lab/governance/astra/packets/ARCHIVIST_INDEX_CONDUCTOR_MERGES_PR55_PR56_2026-09-24.md	1769	4b15342bc8fbe7e78b15646b834bf7dcf6323bf9d4794ff18e4a4b5d7028e03f	e6c22823fb555ef7252dea5df3c2a95ab56f02fa
lab/governance/astra/packets/ARCHIVIST_INDEX_EXAMINER_HOLD_PRE_PR_Q6S5_2026-09-25.md	3031	ff157244ed9716dcd976bf53ffb0586e0dc36a76ce679f26b44d720f673104bd	9f10c1768d138b887ebdbd2ff0f0973df8039fc8
lab/governance/astra/packets/ARCHIVIST_INDEX_PR58_MERGE_READY_Q6S1_MAXIMIZE_2026-09-25.md	2582	30371acd6ab02a440cde9941b83020fe8a2987ef9b1ee07fcdb0f0bb0fc612a4	f182d4e82e6b86443aeb7538468c6e3c65eca35c
lab/governance/astra/packets/ARCHIVIST_INDEX_Q6S1_ACCEPT_IMPLEMENT_HOLD_PRE_PR_2026-09-25.md	3041	a4140d84bc31a69d5ec031381b8ff4b8397317c875764cdd045bec8fff40888c	1f6a3ac691eb664ad64c3c9d33f08a46e5ea0629
lab/governance/astra/packets/ARCHIVIST_INDEX_Q6S1_EXAMINER_HOLD_PRE_PR_ACK_2026-09-25.md	1797	4dde3b5db917cf55b90a940ff8d524361c18cbb928bd5dddec5866b248c49594	69c1447346648d27bfa1e6de00f6fc6f150557f7
lab/governance/astra/packets/ARCHIVIST_INDEX_Q6S5_ACCEPT_IMPLEMENT_GO_2026-09-25.md	5100	fd5704a682fe5c2bfd3afe866713f64511f2ac7c78522c6df662ee428590aedc	061562a6631a3a3f447fb70d35bd235fc3e59dd1
lab/governance/astra/packets/ARCHIVIST_INDEX_Q6S5_BACKLOG_CATCHUP_2026-09-25.md	4914	895aca1ca825d8f3f8da47151af23c060976b5f248ebacdd38a8520199767c7e	5b08c48d251c749db33027d7336eeb7d3c066c7a
lab/governance/astra/packets/ARCHIVIST_INDEX_Q6S5_CLOCK_ADMIT_COLLECTOR_GET_2026-09-25.md	2439	b1601efe3d89bcea5e8f6a1b0f7f55eb9301ae4d76d70f9458e2da387c0e80d7	d264de2dae833e326ad709c9696c56df70e583e8
lab/governance/astra/packets/ARCHIVIST_INDEX_Q6S5_INCOMPLETE_HONEST_CONTINUE_2026-09-25.md	2350	4b76fd8987e06934e5898985750c3a0c38e26b5971e25e544469ce3c81b45216	09ecb3a277a7f1e3534da2d9561a5b9e0ae1d6e8
lab/governance/astra/packets/ARCHIVIST_INDEX_Q6S5_READY_ACCEPT_CLOCK_ADMIT_2026-09-25.md	2666	282f8bfdf2218a01b0b85b2ca380e31f180086cb05b9caa7ff8db8ed89033a9b	0d07a9728738356ea90b20c9c187ce93ecc72d19
lab/governance/astra/packets/ARCHIVIST_INDEX_Q6S5_TRADES_JOIN_READY_RESCORE_2026-09-25.md	2743	6ea270e4193026257241ba5d04ed0d70e32829c807a847486e669eb699a74024	c5ae7fe6c1e06ffe14a27dd3e7028241f6d3994c
lab/governance/astra/packets/ARCHIVIST_INDEX_Q6S5_TRADES_READY_SIM_JOIN_2026-09-25.md	3012	3385c90962d58c1dcb7915873f685ec8cc4c8e65af534e369e56f0fb261c747c	e517914ffa4ef6195a16306de2b55cba4f5f389e
lab/governance/astra/packets/ARCHIVIST_INDEX_Q7_B_PASS2_OPTION_A_KEEP_CLOSE_2026-09-25.md	2979	7d8ee73bec04785b214aad1d63cdf10eaab99bb11d54aacf570e659235d8c79b	c543c3d210d304bb87e11ba26b067832508f5174
lab/governance/astra/packets/ARCHIVIST_INDEX_Q7_B_PASS2_OPTION_A_SCORE_KICK_2026-09-25.md	2401	02e046420513c4fd23e63ae6ad1c400295bf207346c3d6b214a6f7623754af54	200d178e2c48bdc1784ccda90f34cac06cf221a4
lab/governance/astra/packets/ARCHIVIST_INDEX_REFINER_Q7B_LEDGER_EDIT_2026-09-24.md	747	e3c61916cfd159d563ec9457630696d39d6cab465df28b46f2c69107042a0db2	b00d8be7d0d8ddb7ff7a0b8767b0e59f5b785fd1
lab/governance/astra/packets/ARCHIVIST_INDEX_SCOUT_HOUSE_FEE_SOURCE_2026-09-24.md	1731	ae12a636d33441cac9d3ec3ee563010e7125d82d5c4cf3885a306527aa8da171	53cc9745e8cd2aa6b5c2d304613fbb77ce17eb94
lab/governance/astra/packets/ARCHIVIST_INDEX_SPORTS_Q6_SCREEN_ACCEPT_AND_VARIANTS_KICK_2026-09-25.md	3034	7629a4e05f52ba00a320e9e6bbe0598235b04246f72bcf0ff4ab2ed8e4ec7533	385eb7097f1d32c4e989bd4d097bb7f0f4bef180
lab/governance/astra/packets/ARCHIVIST_PR55_BYTE_VERIFICATION_2026-09-24.md	1442	ae7ce7e649afd1dba5ced8b2f30f0a6488a117dcf71053d14e343e4f74c8573c	d5f730c2ebb61e2997255681491c6b926e2d6a90
lab/governance/astra/packets/ARCHIVIST_PR56_BYTE_VERIFICATION_2026-09-24.md	1014	c89cf3d0a71aea1863a8073bb81c197a0f65886250826a33d37732ae7ebeb186	9e58890f4d6e13ea8a4747aeda486d2601ced4c7
lab/governance/astra/packets/ARCHIVIST_RECEIPT_CARD06_KPI_AND_FEE_ADDENDUM_02_2026-09-24.md	2747	c39e7e702db3714c79b2bcd77278fde5c16ab835563421e2a658ad7a184e4acc	7345e05b706a12dcba168fdb9fcc24120dde234d
lab/governance/astra/packets/ARCHIVIST_STAMP_FEE_ADDENDUM_02_2026-09-24.md	2419	1c0046ba130f548ef33f19351a719cd04e00f1140866364b5ff21cc47d4f69e9	c10ef4f97b7ddab7272825e1e275d20b29408a57
lab/governance/astra/packets/ARCHIVIST_STATUS_CARD01_EXP2_CENSUS_ACCEPTED_2026-09-24.md	647	2e8173a427ea94689ae77563595ffee74e41d4310411de54a0efd4e366a32881	9954576b6980980125d26c3b9c731829ed9baeac
lab/governance/astra/packets/ARCHIVIST_STEP0_RECORD_REPAIR_2026-09-24.md	8762	ae1f89ea7f23382f2f4cee2a60f3f806ddf6eb6a55a5fe2b826ce7bd86756c99	9c7f10f4210b38d1be35fe1a3b5cc237f6f479fb
lab/governance/astra/packets/ATP_KXATPMATCH_FEEQUEUE_HARNESS_FREEZE_2026-09-23.md	4893	4d4ce944946e72dd40567d14388fe11c6145fbbb32505a880bcf80a4c8b4dffe	f0c3126d18fc04446501c1d1ad21e4544f53c903
lab/governance/astra/packets/ATP_KXATPMATCH_SETTLED_RESOLUTION_JOIN_HARNESS_FREEZE_2026-09-24.md	14498	dc9fcb326a97ce24267ed96438bf403687bc9aef6b79dccef3483d0e4cdeeb69	aa0fd8dacf018e3d2683b311381ebb7317128c93
lab/governance/astra/packets/C1_C3_C5_ADVERSARY_REFUSE_BIND_2026-09-22.md	4226	0287c9d7a9012c3fea9ae99fb4801c3fd843866c580d31bd8a273aad67e92fe7	86084d8131bb061eccf6d1c7919b4b46ee60d678
lab/governance/astra/packets/C1_EMPTY_OB_HARNESS_FREEZE_2026-09-23.md	5119	1b9f8fbec8bad866e055bcabd38c8c633835d505cbd25c367ff0675bff3a4b27	46b23af9c4075bcef3aeb39c8d66e9eee9dccf45
lab/governance/astra/packets/C1_KXUFCFIGHT_CAPTURE_PLAN_2026-09-22.md	2496	b711fdf537632a40284fc6278ca4bd06932b34aa0045ad93e1ba3f0c2ac9cd0f	85851e6fc1f25a9ddd12dd6d0ef717a5709332b0
lab/governance/astra/packets/C1_KXUFCFIGHT_MEASUREMENT_FREEZE_KERNEL_2026-09-22.md	6481	a191c9b3f71030445d1d32684feb6dc1bf09abb7e09403d5dbdf1927eafc63c9	d76fa0635067bc07a15ac620a6c3c5ab67743af1
lab/governance/astra/packets/C1_KXUFCFIGHT_PANEL_STUB_STATUS_2026-09-22.md	2545	3e3a51e43a2c381bc9db4413667f116377871cd96c9fb2eab5719d9e324d2a60	e030f3d6d356d2f08decfb84e213b14024cd4157
lab/governance/astra/packets/C1_KXUFCFIGHT_SETTLED_RESOLUTION_JOIN_HARNESS_FREEZE_2026-09-23.md	6479	3ea3362ad3c16951369d5f90497ec6079213dd54e5556340c4d3738744126cf1	42d2bee5eac1151d97a048e9539138119f8a2180
lab/governance/astra/packets/C2_KXNHLGAME_FEEQUEUE_HARNESS_FREEZE_2026-09-23.md	5229	a36ec35143a32c7cd24e9fdf2a33f645d356b93e34c131bb1b8a94e3f92e38f5	462c39e662c07628b39cdc5541abeaa9b3b82a1a
lab/governance/astra/packets/C3_KXHIGHNY_BORDERING_STRIKE_HARNESS_FREEZE_2026-09-23.md	4847	27530d6427794a5559e40c7f56d6cd938d8c57cc8f51406fc26a5b0e36a5fdff	f009a633d3ba78a7138ed5e98359198c578cc50e
lab/governance/astra/packets/C3_KXHIGHNY_CAPTURE_PLAN_2026-09-22.md	3226	00c37d52842f4d8a7e309d43fa846fddfc87c71a3ee75df7d8a952f97553c83e	0820507b41835cd22431b96058622519948fcce0
lab/governance/astra/packets/C3_KXHIGHNY_MEASUREMENT_FREEZE_KERNEL_2026-09-22.md	6293	0e79a0194e2371efae8d8cac0f4f2ec9ce4cf53f60dd870bae1a1ed7acff3604	a786a347d520d61f40bdafbbc52c5beff2e05b7c
lab/governance/astra/packets/C3_KXHIGHNY_PANEL_STUB_STATUS_2026-09-22.md	2887	63170c8ae4276c4e3df5389c50fb9b6ef33e6ee4413de3bc2115f410194a81a1	c484b56c575c198371250b4703df2328572ab86b
lab/governance/astra/packets/C3_KXHIGHNY_SETTLED_RESOLUTION_JOIN_HARNESS_FREEZE_2026-09-23.md	5119	56adcf592239b028aaa8bcffbf09815115b8454f78db39b43c578e64c160a4d5	637a470f61d1ef9b2fc6bb517e887987a6cffddc
lab/governance/astra/packets/C4_KXCPI_FEEQUEUE_HARNESS_FREEZE_2026-09-23.md	4860	949b255859196f02d73303a1019e51276c583f8d1e3ffb4f0a64d330467c6f93	8e91e20ce3e5ef3d7b5b54cf3b29a75b34b37320
lab/governance/astra/packets/C4_KXCPI_SETTLED_RESOLUTION_JOIN_HARNESS_FREEZE_2026-09-24.md	8844	5e37f81a8959e83c3d2c0c42739e1ca6c127c748442ac6fe28c0013edee12e2f	61627c70749b1da696d6e1e3cb9fb59f17964f12
lab/governance/astra/packets/C5_KXBTC15M_CAPTURE_PLAN_2026-09-22.md	2207	c441e714c3553f54440dc1de60521b01a0bdb2fa969ca5608b5e07440033966d	5afb269d67dd53852ba4d461b2a5c4c6a7c3a5e2
lab/governance/astra/packets/C5_KXBTC15M_HONESTY_HARNESS_FREEZE_2026-09-23.md	5517	23b908af6e9a7799c9bbdac04b27e683dfccd0c0c25d691df84ff715202d3cab	86169e76a3ec487f555703c0149479b4169075a7
lab/governance/astra/packets/C5_KXBTC15M_MEASUREMENT_FREEZE_KERNEL_2026-09-22.md	5290	4d1b72a38603de181e71f80b3cc6515b170a2bffe11f8770dac1296373e50263	ba53019988796e1abe62d9f26a7f6c1adb28ff81
lab/governance/astra/packets/C5_KXBTC15M_PANEL_STUB_STATUS_2026-09-22.md	2313	1a00dc272bc35917e59e92753bdfd31c3c862232d774e717fa268cd3d849c70c	29f4c546c1362843f8ddf66a86ebb0191092db3b
lab/governance/astra/packets/C5_KXBTC15M_SETTLED_RESOLUTION_JOIN_HARNESS_FREEZE_2026-09-23.md	5585	7f4b36eca39d43ee7403628c2e525d5980fa40bcfc906550c7f00bb06ffd4f21	11c55ed3e790c0dd9682d7810aee7ccdf7938d95
lab/governance/astra/packets/CAPITAL_STRUCTURE_PROBE_FREEZE_KERNEL_2026-09-22.md	5927	27e6b041f592bd7d475c94d8fa22f392b869b0d116b48e264a6df8b048373caa	d182e11e0df189106e3f9ef51c21741dd7ebb468
lab/governance/astra/packets/CAPITAL_STRUCTURE_PROBE_FREEZE_KERNEL_DRAFT_2026-09-22.md	8347	f4f1f478e3138c81d1030d0fbc862bc4fb93e276bb14f4a5ada33147447610b9	17ab191a8dec6cbeff80663d5189f268733b0a77
lab/governance/astra/packets/CAP_SR_EFFECTS_PATH_000_FREEZE_2026-09-23.md	5390	cd08a93af2659c36f83cd1b9ffc3174364cc767efc374a4e0669e128f6a29074	66f080eaa0b52e95c52791925b2be1f85c75a39a
lab/governance/astra/packets/CARD01_EXP2_CENSUS_GATECOUNT_FREEZE_KERNEL_2026-09-24.md	19489	7087eb45ea8f2af0667f1aa427b674f50f6aa041ba12d3bfde9e22ac676751d8	f0e5ff75c1b103d5bb2eb3b0d80008d6e7b4accb
lab/governance/astra/packets/CARD01_HOUSE_ONLY_PROSPECTIVE_FREEZE_2026-09-24.md	24988	c31724463d81747702910a2d5296c2fc21d2a1dbc594727b26ac3d894b55ec59	cc4020ca6012ffae2f208851f3dee95d20ff8261
lab/governance/astra/packets/CARD01_HOUSE_ONLY_PROSPECTIVE_FREEZE_2026-09-24_AMENDMENT_A.md	3525	4e36d0db5728148d5bb4688fd8626eca9907a8933747f85e0bc17ede0ac0936b	f3acfe0ea095a6b0bbbe4abf228c3b4932316e83
lab/governance/astra/packets/CARD01_HOUSE_ONLY_PROSPECTIVE_FREEZE_2026-09-24_AMENDMENT_B.md	16998	ee6af37cef95f1e468d28e5b06750caaca8b1706ec11ed5cf5cdce460524c2c6	07c78e52987f441301f15d20b547427944c5533f
lab/governance/astra/packets/CARD01_NEGLECTED_HYBRID_DECISION_PACKET_2026-09-24.md	19633	c0c1aa66f104e3f102228a7a8e16f205977afbee63928f30a6954ec46707a82c	e1bd1d15da68504439619834c7e2a549819e2a51
lab/governance/astra/packets/CARD02_STATION_WEATHER_NOWCAST_FREEZE_KERNEL_2026-09-24.md	21250	6b36dacb84f92524b18c3799c50c5818ee44fee89ac1743ceafb1092cd4c7e48	c6167dae823066b48dd1def0bc7301e108056c7d
lab/governance/astra/packets/CLOCK_ADMIT_Q6S5_KXMLBSPREAD_2026-09-25.md	5430	f73bbaf3faaaa73186a233bfc21699d8ee3c47779253902ccc86159b3cbd7422	c4d7e97e8e67ee74e3ca16798a0ed8132f81f628
lab/governance/astra/packets/CLOCK_JOIN_C1_KXUFCFIGHT_2026-09-22.md	3971	a3c5f2797d7eac2149f865deded2e70305d5cc110fdfd553b533102681015941	5d8f42d4857f3e9908bd6636caffbc3342ee7f6f
lab/governance/astra/packets/CLOCK_JOIN_C1_KXUFCFIGHT_REJOIN_2026-09-22.md	7114	dda09896b9a8bc506a25981286aeac69eec78f72733f73e5b36e464c2c720e3d	ba9788edb27fa64c0e0832c4cacc063afbcd484a
lab/governance/astra/packets/CLOCK_JOIN_C3_KXHIGHNY_2026-09-22.md	3758	81482f983f7808728add7b373d4666297fb3bcd42c3a515297b83309482093dd	6b03e685b0da23f23d531e708967f31ae6bf379f
lab/governance/astra/packets/CLOCK_JOIN_C5_KXBTC15M_2026-09-22.md	4520	48961a9d818027d6f7d607dab9ac6351a57c24417d92f417ca0cf0b6f14beaae	3d88b4a3f00bc6c44f5665cff6dec8be767e538b
lab/governance/astra/packets/CLOCK_JOIN_R3_P3_FL_MAKER_TAKER_2026-09-22.md	2959	2bcfacd5daa695a4659c01fa58571b00cb073ad1323cfecdf3f1f1af13f1a119	d794e2c34ee4bf3eedb380180533bd6aa4dee11b
lab/governance/astra/packets/CONDUCTOR_ROUTING_KALSHI_EDGE_RESEARCH_2026-09-24.md	2071	91f87bcfa7ab6c25234c9e6aa7e46d68ea6c9840b6e2550f585ca752c100e028	d7867ff48aae498aa91f2465fcd33b23201aac10
lab/governance/astra/packets/ETH_KXETH15M_FEEQUEUE_HARNESS_FREEZE_2026-09-23.md	5431	9cae3bad089e6e18bee22694a36a1a2c18db33935a315766cd6bd8f8476aa83a	d02df06e6677a117f8ed6226b831895a1d15cb7a
lab/governance/astra/packets/EXAMINER_FEE_QUEUE_HONESTY_000_FREEZE_2026-09-22.md	2887	4799642e54cf233a925697e00c5a9e29f5cb39070962a2e011f0fbe090c169f2	7ca2600d5fce25fb1dd8dfc29fbfe643b3374969
lab/governance/astra/packets/EXAMINER_FREEZE_AMENDMENT_Q7B_P2_AMEND_1_2026-09-24.md	6677	1bdccc23bfb007b3b0f31d18c8f0f880b85f8c513ab2aca43863a093f5a9748f	64a2e7b9e6a12c37f2e8ab209d53f7469f54d518
lab/governance/astra/packets/EXAMINER_SCORECARD_Q6S5_KXMLBSPREAD_FL_BAND_SETTLED_TAPE_PR61_2026-10-01.md	12112	1bdb1d9c1e6272a4b95a5080e4681858859e69a053f69e32b9b85b7d9e44c386	30c0ff6c01d00afccc531b1109a8e004fab43066
lab/governance/astra/packets/EXAMINER_SCORECARD_Q6S5_KXMLBSPREAD_GAME_PHASE_SETTLED_TAPE_PR62_2026-10-01.md	15790	00c3da8d20a74d8baad8236eb94c43ca6a7d7cc681ad4b308a89884613a2d5ca	7a535ee2f04fee81ae934365d54a02083403404e
lab/governance/astra/packets/EXAMINER_SCORECARD_Q6S5_KXMLBSPREAD_MEASURED_2026-09-25.md	4279	9b1e2074e1559f618af3d66b4a23bfc4e75cad2fa2f714c4088bc354c08b7fc1	a4b2149cdd6cd02b73146176b8d9134e8fe24ce2
lab/governance/astra/packets/EXAMINER_SCORECARD_Q6S5_KXMLBSPREAD_MEASURED_HARNESS_2026-09-25.md	4910	0a204d49d24d1666e1039251beaceecffb262fbb98b1e68eb78d2f300f5b9ea0	e824134b09fd9fed6f60ea56100d6c9e3b764678
lab/governance/astra/packets/EXAMINER_SCORECARD_Q6S5_KXMLBSPREAD_PR64_SCORABILITY_2026-10-02.md	8197	1f418bf73315c533cadebabfde939e0e4ea64fba01ddd7939b4185dfc49335fc	667d82a2962047e4aa78c1c07333888899751f38
lab/governance/astra/packets/EXAMINER_SCORECARD_Q6S5_KXMLBSPREAD_TRADES_JOIN_2026-09-25.md	6478	e3eeb1a07fddc08824a02a78a68b7f4aba69d77d8cbe5edb0b970bc61c69a9d1	57a33ab37e3f82b7457c34f0036de30ec456a7d2
lab/governance/astra/packets/EXAMINER_SCORECARD_Q7_B_PASS2_OPTION_A_TAPE_WALK_2026-09-25.md	5060	441772590f8f3300ff5ad69ec66b14dbab649b7e55348af895f5354a6394d546	201a2e4c47796a741f69c5dd261dba579143685e
lab/governance/astra/packets/EXAMINER_SCORECARD_Q7_B_REHAB_P1_TAPE_WALK_KILL_2026-09-23.md	3635	21d0813990727ec05f3633bc27c6e43c9e94758e73460773aa07f0b92fe00c5a	67e3ae28e8a96dd1915d37eff8a8b4af733d8a30
lab/governance/astra/packets/EXAMINER_SCORECARD_R3_P2_ABS_ERR_SIGNED_BIAS_2026-09-23.md	3764	b21ed6f07f1646b84ef23b865ae2518ad29cc9e149a1071d00820133fdeae90a	043a9deb4529ee1fc89018ce8e0b827928dfe539
lab/governance/astra/packets/EXAMINER_SCORECARD_STUB_ATP_KXATPMATCH_FEEQUEUE_HARNESS_2026-09-23.md	3532	6839ac051e4f81c981a7d93974d02da86795c99f8eee1dddecdb2a25663eac7d	0de112de5aab97a158fbdd4a58f9a4539a11a8f2
lab/governance/astra/packets/EXAMINER_SCORECARD_STUB_C1_ADMIT_WIRE_PR39_2026-09-23.md	2675	f8fbf74024607fae25355a8ee7d02c8b556209722ac928478e17675ca1003c6d	cf22281b52f66387000b77e7465396f2b9783327
lab/governance/astra/packets/EXAMINER_SCORECARD_STUB_C1_EMPTY_OB_HARNESS_2026-09-23.md	2672	fbf96a1120a4644f365f5dd254b71690b791d30425356730e406286facd58d1f	f1dc26405c57ccd80b8ac65373140e95255d8fa2
lab/governance/astra/packets/EXAMINER_SCORECARD_STUB_C1_KXUFCFIGHT_2026-09-22.md	7381	60867a0bf7aa4673ee6312911481597a4466e84901504498b4bcbd5f5607a6f1	844cbcbc5901a7e0dfefd047c0eeb0b7ec850cb9
lab/governance/astra/packets/EXAMINER_SCORECARD_STUB_C1_KXUFCFIGHT_SETTLED_JOIN_HARNESS_2026-09-24.md	5930	2d06eb4c149e3462fd80e2f6e2f326cca1afc0b26086d2b9e46fdf1584a4c958	41fb7a92d04ce43a881d2070c2d9216740e5db12
lab/governance/astra/packets/EXAMINER_SCORECARD_STUB_C2_KXNHLGAME_FEEQUEUE_HARNESS_2026-09-23.md	3292	f1461fb3adbc4152e9ea294f0d9d6efd28d8636116c963c57ac1c6dddc3286ab	adab5e25340f1cd2fa9b325ef85e17a8be6fc735
lab/governance/astra/packets/EXAMINER_SCORECARD_STUB_C3_KXHIGHNY_2026-09-22.md	4604	7bdeff6b1fdaac7a2c9f0f6f9806045201cbc7b4f70db1c3e7d2713a5aaa0e18	34436307cf2a8d0efbc67171bd74ec880d1328cb
lab/governance/astra/packets/EXAMINER_SCORECARD_STUB_C3_KXHIGHNY_SETTLED_JOIN_HARNESS_2026-09-23.md	3029	86b4d9a8bf881e478cbdd0f982ecba154590c4034c2f86cace174964df8f3698	ff6d4036643016195b9b8948efb3645cd1e74c5b
lab/governance/astra/packets/EXAMINER_SCORECARD_STUB_C4_KXCPI_FEEQUEUE_HARNESS_2026-09-23.md	3718	3640e5375195ac8dee4edd0be366394e22e75ece00f787ca6000468c780d373d	7588b67845cee5bc371aa4f61ba8493855fde880
lab/governance/astra/packets/EXAMINER_SCORECARD_STUB_C4_KXCPI_SETTLED_JOIN_HARNESS_2026-09-24.md	9744	430596f188deeb56bff7d54f3c5410dc8b66f80ec45c81a90a03de355dea1652	97980b0c0505d54651a8252da71ed8d28cce5818
lab/governance/astra/packets/EXAMINER_SCORECARD_STUB_C5_KXBTC15M_2026-09-22.md	4486	ac564a0949f14f600f71e83cb603f0ca4ac2946c38cd8a58b11f6d3f006b41a8	18bfca732480264f2e1ce9d18765109535e2505b
lab/governance/astra/packets/EXAMINER_SCORECARD_STUB_C5_KXBTC15M_SETTLED_JOIN_HARNESS_2026-09-23.md	3123	45573098e460f518c8a847896b7f3afffb32dd3556d703d8edba54ead99a6ed4	2b32e1ca1bd7ea2d92e8547450f53e7ea6f3d856
lab/governance/astra/packets/EXAMINER_SCORECARD_STUB_CAP_SR_EFFECTS_PATH_000_2026-09-23.md	2938	79c495172326150a0c35354b854a25a2e621e316e1f2bdd080545608c3ad4ee5	ff4738c8c2bcafe561c91caf6391b3652a33f8f6
lab/governance/astra/packets/EXAMINER_SCORECARD_STUB_ETH_KXETH15M_FEEQUEUE_HARNESS_2026-09-23.md	3548	02f5914f33217c1849f491cb3e1b7c4b955ea73d43fd5bc27a009d0c4ecc4545	1fb0882c5b039c4ed6f7a62a7a5623d6ecb27f60
lab/governance/astra/packets/EXAMINER_SCORECARD_STUB_FEE_QUEUE_HONESTY_000_2026-09-22.md	2902	e56396b831b9e8315904954431ae9db194b3bb643b1a59bab2f73055cfd8a618	24828a58e48ba81fb49c648e063305deb8c97c38
lab/governance/astra/packets/EXAMINER_SCORECARD_STUB_NHL_KXNHLGAME_SETTLED_JOIN_HARNESS_2026-09-23.md	3338	70f73d1f35a849eda65c97c355b87a2ad97addc9b2dd123eca61fdb5907c5cee	89b9f4f8c1d2f7a239864dba1f9d4906946cd811
lab/governance/astra/packets/EXAMINER_SCORECARD_STUB_Q7_B_PASS2_PORTFOLIO_RANK_SIZING_PR47_2026-09-23.md	3954	fe87887f85c95618144e74e18358914a12a6f0a1992b232825e95d7f1b5dd51f	b6036c76d65f54fcb2ae5663ec88b2148efc879c
lab/governance/astra/packets/EXAMINER_SCORECARD_STUB_Q7_B_REHAB_P1_CADENCE_600_2026-09-23.md	3699	caddeb103542aed46cd4266e9d469343e1adc46f13f53aa48fcbeccd77d694d4	13afd2dce2903f56b17eabb0390f11da3317bedf
lab/governance/astra/packets/EXAMINER_SCORECARD_STUB_R2-P3_KXNFLPASSYDS_2026-09-22.md	3267	c668fce67d1be9eb46398b9e12d1209f690ac7583149b31f21f8dea1f9dd5cb5	7160b46022b491f3bd9090f772bbc8c391bd979a
lab/governance/astra/packets/EXAMINER_SCORECARD_STUB_R2P3_KXNFLPASSYDS_SETTLED_JOIN_HARNESS_2026-09-23.md	3538	bcec2916cbca97e3d19d9fa7227410e72ca9cb9bb17a171e951733ab16c8e7cf	12306f9b3adbb95955716dd716c1d5357527ffb1
lab/governance/astra/packets/EXAMINER_SCORECARD_STUB_R2_P3_PROP_LADDER_HARNESS_2026-09-23.md	2371	f0ad1099b9c83b04c4336bb758b8dd1a298e5e45e1dc24f754e8c39c366c7425	38cb68c71d139cfd3e1d8da98a97b8b362bef86d
lab/governance/astra/packets/EXAMINER_SCORECARD_STUB_R2_P5_SOT_ID_HARNESS_2026-09-23.md	2722	b0a07d1c127cddd20471f8632e5afeceee3ac0d29b8ba5f0ca7b2d3c09158d20	1d60ecaebb7ba7290c65610f5b230c5333710efb
lab/governance/astra/packets/EXAMINER_SCORECARD_STUB_R3-P1_FEE_COST_VS_MODEL_2026-09-22.md	3200	0e632cdb36cacc5624d243fa111b460efe9b5fc181fb28a7cc41c6ed7e9862a9	68934cdd15a703004170cd1a4cf30a0dcc20f829
lab/governance/astra/packets/EXAMINER_SCORECARD_STUB_R3-P3_FL_MAKER_TAKER_2026-09-22.md	4948	d67348b92d925aaae104779e4855f75fa460058894912af072a03c5ec315de1d	841b28453ba1b5b55495ed92235e39089f93c894
lab/governance/astra/packets/EXAMINER_SCORECARD_STUB_R3-P4_L2_SHAPE_2026-09-22.md	3001	9c42ed39c9cc273383d800aed93bee5baddbfc84343915a70daeee13c6f6699f	4cf411ffbff6601ffaf121ebee66d76ff985673e
lab/governance/astra/packets/EXAMINER_SCORECARD_STUB_R3P3_FL_SETTLED_JOIN_HARNESS_2026-09-23.md	3255	bdde0cbe81670ed656bd32a78fe965f2aaaed3e70c9ba3c614ee37550762c101	a2a1ce708ac3191473fb86d9466167b0e075f7fc
lab/governance/astra/packets/EXAMINER_SCORECARD_STUB_R3_P2_QUEUE_POSITION_2026-09-23.md	2658	e2b06fc51cff6b17fb25f4008316b2dc49644e4085cd1e0e14aaaf8cbafe2092	7dba642e88718eb9914b4ba907abd2eb5760bf25
lab/governance/astra/packets/EXAMINER_SCORECARD_STUB_R3_P4_L2_CAT_HARNESS_2026-09-23.md	2526	d7432e23bb25b28e8620ea7c6390f6526a2c4e0c847649539d3905655f6e1c2f	ba66ec97c26761e7c5f270f5a2a8beb483d56460
lab/governance/astra/packets/EXAMINER_SCORECARD_STUB_R3_P4_L2_SF_HARNESS_2026-09-23.md	2653	d17ee61616b43a9e54f7f7b3ff07a2e6a12717900dc77b990348a6bbb5868982	002d725725e44d4a6558222bba57b494efb972ac
lab/governance/astra/packets/EXAMINER_SCORECARD_STUB_S1_KXMLBGAME_2026-09-22.md	3271	8f5fcec48e17de85ea7d655d92f0196a86ddab75ee5746e446f0bebd1ad0dc72	6b38769a3b8ea25b1442544083e2d6a1137d6ada
lab/governance/astra/packets/EXAMINER_SCORECARD_STUB_S4_FEEQUEUE_HARNESS_2026-09-23.md	2371	eacdf4a49a575bedeefbca5e76d0d9fbb019e6d23b4d21e726abcb8b34302ba9	c5bc477847cd110481022054dcaf602ada6dc98c
lab/governance/astra/packets/EXAMINER_SCORECARD_STUB_S4_KXNCAAFGAME_2026-09-22.md	3202	197a887d42b032e2cd49c9a09f41901b0a43eaea521b81955708cb21e80a374e	0eb39a72ff6cf4f30af1644d23b1e861438ed448
lab/governance/astra/packets/EXAMINER_SCORECARD_STUB_S4_KXNCAAFGAME_SETTLED_JOIN_HARNESS_2026-09-23.md	3442	be479a99e843cf7ae53cb072e425ac6a12275493f95be95784ccf08e062fbf7c	53aedcb7dfa2676ab9f901db59603494f5b9e1c4
lab/governance/astra/packets/EXAMINER_SCORECARD_STUB_S5_FILLLEGS_HARNESS_2026-09-23.md	2502	6098c8ec181db70534fd7013ccda95dadba1cce8aeaea6268bef186836658829	e54e7983e40c3ab333c38bac32fc825e7293ece9
lab/governance/astra/packets/EXAMINER_SCORECARD_STUB_S5_KXMVECROSSCATEGORY_2026-09-22.md	3755	de43c5167dfccf8a3ec0f47fe194b3495e8d3646314ef5454e9734cdc6f8a730	da35d6cb9d5ce003e2ed181d2f8e06ce07f726e2
lab/governance/astra/packets/EXAMINER_SCORECARD_STUB_S5_KXMVECROSSCATEGORY_SETTLED_JOIN_HARNESS_2026-09-23.md	4016	0829fc28a0e1ec1ef546477425147d04564e94ce7d58bd6ef526181f74419b85	04a7ab29eeac8916bf746b72164d7fbabcbc67a9
lab/governance/astra/packets/EXAMINER_SCORECARD_STUB_SOFT_BLENDED_RESERVES_000_2026-09-23.md	2357	aa3c0273cbb6f07212fd1f4ff5d64d73e28fff5c8c898f78d61940978d4af877	fd73cb1d8886daf2341a9303229bb1edab3a4627
lab/governance/astra/packets/EXAMINER_SCORECARD_WX_FL_KXHIGH_SETTLED_TAPE_PR63_2026-10-01.md	13457	81f5a9b0169f866fa34e0faa84e4c8e0aa3df41a7cdbf70115c04188d6b6fdf2	4afe13543fedfba1cb33fbb66341f30978c7abd6
lab/governance/astra/packets/FEE_SENSITIVITY_000_R1P1_FREEZE_KERNEL_2026-09-22.md	4959	467bbfcb73dad437de8a153177ac97aab4fe2cdd3adeb7f1ffcc15983ddf5e0b	16964e8520db77dd04d96edbe389897dd2cd7e34
lab/governance/astra/packets/MAXIMIZE_PIN_2026-09-23_0915ET.md	908	7a5b101b5591424481c24c1d191c0f5f6de7c645b0283205987e4173b9536747	1fee24a122710cc1601270d8633ce35a3d0d29bd
lab/governance/astra/packets/MAXIMIZE_PIN_2026-09-23_1025ET.md	965	1c737c29b7e86d7792f84559a91f564bf4f9c455836b0eafcbf4efd22b892a2b	83dcbc47d7cae6e5f1d5e42ba43a094e99828d3d
lab/governance/astra/packets/MAXIMIZE_PIN_2026-09-23_1128ET.md	906	f5ff577f1062ef84b8c03d063225988633feee4d3be13ccd18ebe6ff5d7b9422	4f0245c4d22a70ed172cbda8580cb662fb069ed1
lab/governance/astra/packets/MAXIMIZE_PIN_2026-09-23_1205ET.md	655	c8ef6bca38f61f8920ea2a0103ab0f8c2d4c448fce27fefc785e4b12e1ab6570	c8d83873c1f9bad5f1c410cd6068b1192c086c2f
lab/governance/astra/packets/MAXIMIZE_PIN_2026-09-23_1219ET.md	666	d9ea232f301ca494f34a4995628ba9ebd8a69943c76b12c385a66a9a1d38318e	35c0ab83f0ea269b39dacc244d1f696e63896947
lab/governance/astra/packets/MAXIMIZE_PIN_2026-09-23_1221ET.md	597	190619ea8a0a06e28770075ea81ba1b7230905c820c250b7226e9dbc83bcbfc9	5eb17f0b4fddb52b1a84cc2be9ff0a70a1b4ca78
lab/governance/astra/packets/MAXIMIZE_PIN_2026-09-23_1222ET.md	481	ca874554ff300be67fec164e7c738cb67cfbef53e0b2f59137494698c31c423a	149c85e511248823e4b307211b540b5923988eef
lab/governance/astra/packets/MAXIMIZE_PIN_2026-09-23_1223ET.md	429	88095a705df4f383dbd1246a275e66830d8739d54f1107c7e91fcee43a709948	42d5f29c3412e5d26ca5c54e3bca0b5713b5f895
lab/governance/astra/packets/MAXIMIZE_PIN_2026-09-23_1238ET.md	569	c765f10cb08316f51b10598c87209618635d73cd040e8a1c1d921ca516af50f6	72df6b3c7b5c1b0ab676da3e25b642a4943e78fa
lab/governance/astra/packets/MAXIMIZE_PIN_2026-09-23_1239ET.md	454	4d617ace683eba70280dae8d2e062abc6d8f5466ba0c29a21afed379768a448b	758a4af4592d27168d19b8f817f28d147af462a2
lab/governance/astra/packets/MAXIMIZE_PIN_2026-09-23_1240ET.md	378	e81facd6f14fad9e4b0900af6b23385957a919144feedebe1d66ff3cc8934a28	4821a7db345ab768121205053cfb043f57390789
lab/governance/astra/packets/MAXIMIZE_PIN_2026-09-23_1255ET.md	729	086fe605e9864d8e076df42697b842d61795c3e2fc7c6c8bf40531f53ff73cac	ce0faa99c972bd3b7761e08808734f42731d9e55
lab/governance/astra/packets/MAXIMIZE_PIN_2026-09-23_1256ET.md	402	3302bc09dbb2b40b4cfe2110ed5e0eeca037f7e8475b512e2655b90c97f1a077	d7204be184c8d7a66e0fd16bdb4910ab2806d6d1
lab/governance/astra/packets/MAXIMIZE_PIN_2026-09-23_1258ET.md	444	dee73941e8cfd4abee92f57c49bacfe16b7dd782e051a9d0a7dce5fbd5984e58	e629a192d23957c804404ec848887a170e5a59db
lab/governance/astra/packets/MAXIMIZE_PIN_2026-09-23_1315ET.md	951	dae8905c6d5565cd669e1c630f888183905bc222098bd88568f45061aad3eb62	6e9f4d8bb1ae000985bab5a1c0c6e5c98ba5dc5a
lab/governance/astra/packets/MAXIMIZE_PIN_2026-09-23_1318ET.md	645	d085c3b0b9639146423d4d8de5c72000695e7cd4fe7cdf21050e2d7cb6a4d39d	80176ecd07cb55928152b5d7f510724ab607e79b
lab/governance/astra/packets/MAXIMIZE_PIN_2026-09-23_1335ET.md	966	5f55d7c62c6c96283f3a57ceb4052189e40dabeebd436c627a52fed97c60c04b	519a464c2d2d01f12303510ca992087954f757a7
lab/governance/astra/packets/MAXIMIZE_PIN_2026-09-23_1336ET.md	416	4fef39618f0683620d0989a0f9006f7b39826c588e847aee320c964b157d3b43	e87f5f0e094da40ed8f68c9d0eed451319f33bea
lab/governance/astra/packets/MAXIMIZE_PIN_2026-09-23_1337ET.md	654	f728b44542411aeebb9840f5f49edc6f7da7431332480091b64d20bc3383750a	f471a8a7bfdfc91f21afcd5336981fb11c946e36
lab/governance/astra/packets/MAXIMIZE_PIN_2026-09-23_1353ET.md	391	75aad0326c24139f43638bc0bdf79a88ac83897bad4dbe02416642b13e98c036	d6b3a288f4beb4076d494aea33c0e53a6e8f2047
lab/governance/astra/packets/MAXIMIZE_PIN_2026-09-23_1412ET.md	407	821b7904983d1c1d5f6ef1293b601b02250116ca21bb326b5266baefeb007eac	64cf487c98b0daa4da460ca58ea2036611a698c6
lab/governance/astra/packets/MAXIMIZE_PIN_2026-09-23_1413ET.md	456	8e3248e75b6f2b9d0b671dc4680a2038eaddb0b09c12ac9416ac8fc6412cec18	18763e68ab145bb9b58ba73a635000de8d2266d2
lab/governance/astra/packets/MAXIMIZE_PIN_2026-09-23_1426ET.md	378	b473f958df5216655f24dc2ab8e3c4c9e7806819117a040febfde0ca5f8e1d32	8046daeb6654e821d75218ad0edea745f1b742e9
lab/governance/astra/packets/MAXIMIZE_PIN_2026-09-23_1427ET.md	938	980b56312694ac8a0ceb3cb61119a9e8e34822af395b75ba6591a47a3a78c04f	3d71b1ff6096b713550f2c323aca319cd796cef7
lab/governance/astra/packets/MAXIMIZE_PIN_2026-09-23_1440ET.md	586	9bbf4e2a280310ccc9aeb0a54931520f18a35a3168d33b20d1c9fcc2d900ac7e	5db820e0fe649c433110a63f9db6c1a808a7c6fb
lab/governance/astra/packets/MAXIMIZE_PIN_2026-09-23_1455ET.md	927	5980d0bf63f0e87d780415b2b23138a24055682e27c20624771abcaf4bdece1f	fa78e549613dfe162aa828a35da9ec9750e3a9a3
lab/governance/astra/packets/MAXIMIZE_PIN_2026-09-23_1457ET.md	2012	354f12e2fbd2c276e0bbded7b0702c06450021e7e9546e7de057622688e1c6c3	90a20f44e20b3699bd526dfc1c943508fbb42c1f
lab/governance/astra/packets/MAXIMIZE_PIN_2026-09-23_1459ET.md	639	04686954033f322dd2b3e6612d0de6faef4870bd43e257d37676d64e718fe8a4	8ee84abbd862fad889bbb39311bed013b522cdc1
lab/governance/astra/packets/MAXIMIZE_PIN_2026-09-23_1503ET.md	419	0e22b2a0f352a3ef2bd68555e7e5b02ecee803e2ce488194dfb9875949f23beb	5c09d1cb53cdb2abdda700938230ccc6e5a113a3
lab/governance/astra/packets/MAXIMIZE_PIN_2026-09-23_1518ET.md	2098	683e0cb04535d6422d43d29904cac44a0613d1e394ae22499f6e6bd4c2b38936	40b4ec0c142d283f96e82267d45ca584f466931a
lab/governance/astra/packets/MAXIMIZE_PIN_2026-09-23_1533ET.md	2311	e4299630f69f5ee7194809751a059612e312e72576fba2d129167778de19ac7d	a1449b6c1876e86c77d9f351660306bd447cbdbc
lab/governance/astra/packets/MAXIMIZE_PIN_2026-09-23_1556ET.md	2431	222c5d6bc1d1758b224f4ddee92016093cecd883b07cf0f10bcd16ea418161ca	7c4ede0ab551880a4e1777c5c547f6fc62e5dc34
lab/governance/astra/packets/MAXIMIZE_PIN_2026-09-23_1643ET.md	2560	bd72d0d807d3854a1dfd9c3162c177850d682ad46af1ed77e4e824d5a657fa01	571684eec0f36741b43711ac4d7cc86f15994b52
lab/governance/astra/packets/MAXIMIZE_PIN_2026-09-23_1712ET.md	2770	481b603c18df7dfe63475a32bde479f34dd0b5cae41ab0348aa2041788545451	629927c8ca6e06405bddc62bf28737ebb70ad6eb
lab/governance/astra/packets/MAXIMIZE_PIN_2026-09-23_1733ET.md	2844	1e071f2cebdc18e198901e33af49387a751ecc1fe85bd14a0cb09a1f3ff6416f	102778f7e32403d098f750361e49d5e5f4e3313d
lab/governance/astra/packets/MAXIMIZE_PIN_2026-09-23_1750ET.md	2039	6fad9acbff410b36432c7f20f6d19adce37ee9703b9e42a7b0ba9e059f3990df	5cb6be20e5d7f99f5862515adbb00941d8613478
lab/governance/astra/packets/MAXIMIZE_PIN_2026-09-24_1926ET.md	2624	4ee450ffe2b99154c08fd8619892ca2dc8efec92fb036fad2ad70d5c6e003e2f	e1eb050bf07354473fa83cd2b78fbf132c53bff2
lab/governance/astra/packets/MAXIMIZE_PIN_2026-09-24_1948ET.md	2774	70020baf5599f7afcd4c8335d5f084c34784c5b4b1b44ffabce1041e41cbc84a	0ef857f5266b54b7b1d78e66e0f72898efc18cf3
lab/governance/astra/packets/MAXIMIZE_PIN_2026-09-25_0018ET.md	1471	f7e386c0910f7d2ef383fd15641fc972ebe8040ec60f77a97924879850309afd	895c8f488c867b15df52d9a1ca0f5e63377df902
lab/governance/astra/packets/MAXIMIZE_PIN_2026-09-25_0022ET.md	1480	917ec545c0dc1cca5c32a3cdf9da0615d09b3871d782dbd4b8ee57ac733b83b9	d0e8f479079826467bec5f8bc82bf65e2e89f6c0
lab/governance/astra/packets/MAXIMIZE_PIN_2026-09-25_0031ET.md	1604	7629b19f9a9e2d2aabf83bf46918963d118f6333ffc35f4af5bd227f72b9c09e	993167d1ad5152c5c73481192367a9def0b583c3
lab/governance/astra/packets/MAXIMIZE_PIN_2026-09-25_0033ET.md	1475	d36b57761fa1ca3d84af1b8c58e03618e94e283857fbade5ff3f82666f0d463d	76461216c2d77d6c4a17dff5abf680a900d56014
lab/governance/astra/packets/MAXIMIZE_PIN_2026-09-25_0034ET.md	633	1b3eb51e4cdea17d99f79eeb2668114fcce2aa267f8e4f17f535f0351c42e793	fbc4313ccfc39fdb14900545a3ee1382766d084a
lab/governance/astra/packets/MAXIMIZE_PIN_2026-09-25_0038ET.md	627	9a48477c6dcb81a0b10feaeb07585785a876e6f45e61818f9e4e72d665c9f470	4e9634f8ace2f9b0555e658e8af15ee9ba84200a
lab/governance/astra/packets/MAXIMIZE_PIN_2026-09-25_0042ET.md	693	8baba155c9c38495fde1ba33eb90f42ca3e1fce7ad722987593cbb877843f2b3	bc01387fa7def97f4d52a989b463cd93a702523c
lab/governance/astra/packets/MAXIMIZE_PIN_2026-09-25_0220ET.md	1347	cd0831180b2673aa8184659354ba703d8a59629ca216f7f01a7f44c94f293aa9	65b2ab43e5dc5cc89217a2edb076924d569291af
lab/governance/astra/packets/MAXIMIZE_PIN_2026-09-25_0224ET.md	749	2eac2200cb03d958a7bc047749809373cf20535ec49ac273bf341aabdd038612	bc35113cafbd5a9d0713ee2c7b19744525b4d92f
lab/governance/astra/packets/MAXIMIZE_PIN_2026-09-29_1655ET.md	738	50d78b7cb2aa40b5e77312b1b9ac28394ff356e6a5937c3f76b7597bc661b357	1bd24931bcd5665ed839b8780974b1a2c7482d8f
lab/governance/astra/packets/MAXIMIZE_PIN_2026-10-01_1848ET.md	828	a3f2d63698727458d6b59522ec52239534e399666cc9ccbc2376cdd124b86b15	3be0affb9f911788895dc5e50b27b237e43f41de
lab/governance/astra/packets/MAXIMIZE_PIN_2026-10-01_2053ET.md	735	1ebb0f498707e55f4e12d6c8fd280a0eed261034da0a8b9937ba70a86e0d8102	2f34ff6ef54beb89e682cc8fa7a00d0bf8224284
lab/governance/astra/packets/MAXIMIZE_PIN_2026-10-01_2145ET.md	837	f5d13e7cc1f4479e034648c28ed3fd8539c3082f3a049d34ce8111fac4e58212	47dabb470da44b60283996e3eb7871e78760fa72
lab/governance/astra/packets/MAXIMIZE_PIN_2026-10-02_0849ET.md	1013	8ec5a41ea9d300be4a978e8f106d360f3f6174955f0636b7f2ead9ee66ee2c88	aec571b66041b91896d46063f316a3a63e1fbf0c
lab/governance/astra/packets/MAXIMIZE_PIN_2026-10-02_0949ET.md	840	151e2870308e8df9dfa791501e1581028948f5f1fa85a74aa074d68e49f0748c	6b974fb894770dc848cdf8b4f627bcbf0e31567a
lab/governance/astra/packets/MAXIMIZE_PIN_2026-10-02_1049ET.md	1169	396865bbc8360c2102ad309be18791957d303cef6f7ca7b424b0b6684c55c9d3	3e8ece2766ffacddf883e620f6da2eab0ebd0f59
lab/governance/astra/packets/MAXIMIZE_PIN_2026-10-02_1147ET.md	1260	ecc23ef6adbd95c7b8d6732ee0cd73710bae1fb904cce509ad594c5009f7b10e	8ca2c4484c58f62eee622cf48f4790c5479432f5
lab/governance/astra/packets/MAXIMIZE_PIN_2026-10-02_1247ET.md	1330	b451d12d62b43c2501a2c7d5c14c6383d23d4762af1a282912327378773aac7b	712d429a82d7bd295b4d9a423829a017eb5c29ad
lab/governance/astra/packets/MAXIMIZE_PIN_2026-10-02_1351ET.md	1330	df333d087cb47f77df65651639caa817ce5ab5f5b75954ba94a46be80e0cc7a3	bd05bf42a504b90a784e494bec98501b1663c131
lab/governance/astra/packets/MAXIMIZE_PIN_2026-10-02_1451ET.md	1348	21ced15bebb8599902a396318c173389541e94fa4537c108838cc753e00c35fc	d4881165fb3be65f877c831e88b2f2beb8dc7d2b
lab/governance/astra/packets/MAXIMIZE_PIN_2026-10-02_1553ET.md	1898	3de5df0bf1615e3d425377e8f69c48993ef4f0801c351aa3601f0ac1192f5f6c	e8555187cca7ea475df7bf3ec853685d3aa76c9b
lab/governance/astra/packets/MAXIMIZE_PIN_2026-10-02_1645ET.md	2055	f1dc3793c32a2811691651320be1c74f92c23131361ae2296097e414d5e5171e	b74faef08514e17b80722e0b635838b2dd8224ae
lab/governance/astra/packets/MAXIMIZE_PIN_2026-10-02_1753ET.md	1801	206b15c0bcb448e15d8d98477dc00605568add490d1dcb486fa10df67fa80f8b	071f2c727fdb92b093a61d4e87351655fcce03a9
lab/governance/astra/packets/MAXIMIZE_PIN_2026-10-02_1849ET.md	1576	3f6af8122bcbc94e54580d7c2d02c7853a758876fb120c1ce1b900c82cab1155	73c438aa23f462dfd23fa0faa5d75a61efd8a998
lab/governance/astra/packets/MAXIMIZE_PIN_2026-10-02_1945ET.md	762	8f86c23f9045f308612437a7901b4e759ef7c43178ded92049c5435f3ec6afd7	009c68b7cfd3f96d0040f2009c749c7f8c96eac0
lab/governance/astra/packets/MAXIMIZE_PIN_2026-10-02_2050ET.md	762	f155239046891b2e6435fa634efaefc979717357201057f2021a4578a894a14b	10aac9911288c8612f4f6e60a8a19fd562418ce7
lab/governance/astra/packets/MAXIMIZE_PIN_2026-10-02_2150ET.md	793	bbfd929159e6e3dcab3f084f8e31b22790e5a59edfa9dbca7275b2241f604181	2f5620ad0cf0a13eab7432315e779c6b0ab44974
lab/governance/astra/packets/NHL_KXNHLGAME_SETTLED_RESOLUTION_JOIN_HARNESS_FREEZE_2026-09-23.md	5421	d1f71cea6df8f6c5a9fac6f9d1aa418ce61aa650794f22b400a01c4f3fd45810	f41a43f6f7521e86526b36af40a6cdc5e960083a
lab/governance/astra/packets/PITCLE_HOLDOUT_IDENTITY_JOIN_HASH_FREEZE_2026-09-23.md	1995	f5ca19f15940a80476d1590e506951df87df619160b477f1dff06cc3554cb520	4e3aec08f7053ab41522e4ab70fee91696d52cf0
lab/governance/astra/packets/PITCLE_IDENTITY_LAG_WATCH_2026-09-23.md	4087	96caf4ac23242e78f08c9c86f7d01849a901f7a1969ef442c1d95e7e7895e379	d3209debf959ef5162e6611ea4c08a97f5376931
lab/governance/astra/packets/Q6S1_KXATPMATCH_INVENTORY_REPROOF_CAPTURE_PLAN_2026-09-25.md	1169	353efc7ce11fe7e753bd4814251cf1a5b9867385c0158ff5e492cd4f7c31d14f	9e1ee0719ca5e38e1651a3d6c3570499735c386a
lab/governance/astra/packets/Q6S1_KXATPMATCH_INVENTORY_REPROOF_FREEZE_2026-09-25.md	14499	d86f7a402ea63fb132d80480f844a954fe9061a27b9b6bed125f9785ae64640e	aafd478b5725dbe0c7765e9aff0b8860ba4a9b7b
lab/governance/astra/packets/Q6S5_KXMLBSPREAD_CAPTURE_PLAN_2026-09-25.md	2251	b7ab235ebf4baf198cca2c48103395c611b0f99c36640b17f442ca2f0d377814	d33646367f745e21fd80ed8ee359ae8dac78bfc1
lab/governance/astra/packets/Q6S5_KXMLBSPREAD_FEEQUEUE_HARNESS_FREEZE_2026-09-25.md	10177	4f65dcdf536755b9f7dc2449c2dcd90b2df74cdf99a441b676f1a71c4d709c6e	46477a3bb43c5e12fcf816add60cb776a4f796dc
lab/governance/astra/packets/Q6S5_KXMLBSPREAD_FL_BAND_SETTLED_TAPE_FREEZE_2026-09-29.md	24386	fb6540f52ed5f819ccf6e80bf0cf7eb6d951e065416b9d550fead0c6d06043fa	cd261a80044a88e6b677d57fdbb1c55d869e0281
lab/governance/astra/packets/Q6S5_KXMLBSPREAD_STRATEGY_FILL_FREEZE_2026-09-25.md	22983	9f50ba19694083c774bbe2a6cff491d1a2f81ed3a6f9cc21a3641a938c84955d	bcaacd8dbf16d660ab95a803e64ede1b4593279c
lab/governance/astra/packets/Q6_000_COMPLACENCY_SPOTCHECK_2026-09-22.md	4226	94bb2b5a18b9447d2bf6d306f3ed0dd963baae72f21d9e32d23d8d4621439303	5e6319c3c086e9c00f7065b68506ac147e99604a
lab/governance/astra/packets/Q7_EXAMINER_SCORECARD_2026-09-22.md	6554	65adfaf3f30f14545d12b81cba900b1990f019ea3d5c28753089c97e07590636	309952624d8763d87bd338c117be851e630384bd
lab/governance/astra/packets/QF_FIXTURE_JOIN_000_FREEZE_2026-09-22.md	2556	d95adb9b7e8aba852134c96b8f0f7d35a76bbf68254b8808f82f99ec82bb6ca4	d169f9c6e253ae211c02d8877339873cb0b169c4
lab/governance/astra/packets/QUEUE_FRAGILITY_000_R1P5_FREEZE_2026-09-22.md	3837	e01d684abefd2d919ac6546f85619a246ce73098c04f7b24c84451ff49b00308	b68841e4cbb14d07c903eb9c10abf353e7c4fec2
lab/governance/astra/packets/R2-P1_FEEBOOK_RAILS_HYGIENE_000_FREEZE_2026-09-22.md	3270	ddcd4427f67fb0ed8d12a7a6a49aabea3b25b356bcb64a7d84d5c4590d08b563	9d1145918560c3b44b6654529cb42e559d55547d
lab/governance/astra/packets/R2-P1_FIXTURE_JOIN_000_FREEZE_2026-09-22.md	3380	e9bac91ca908b2ba704d966f0cf48cb181070ac11de1d117b93512bd2719ae1c	41d4f8c5ac8219c32328d5fd135b8f14c7f950ec
lab/governance/astra/packets/R2-P3_ADVERSARY_REFUSE_BIND_2026-09-22.md	1857	2c56d92d1b18544c640eedd7e76ae5978d3c7108a8c99faeb2a21364a92d6fad	018c1a702e7bb4606d0894837804861727551d6a
lab/governance/astra/packets/R2-P3_KXNFLPASSYDS_MEASUREMENT_FREEZE_KERNEL_2026-09-22.md	8757	a30108f658359590e170c73ea00d1a1f0852d5751cb15c9f2a9c6389f4dd3eaa	53b1fca6a57941e0c084e9495c0d515d6544fc9c
lab/governance/astra/packets/R2-P5_ADVERSARY_REFUSE_HYGIENE_2026-09-22.md	3044	e83be87fb91416500a37121893b5ac5d91b12bac4b381c18df41e86e5243b215	6b4528a371cecae8eb83890e4f3d4ff6648ced58
lab/governance/astra/packets/R2-P5_ADVERSE_FIELD_LIST_2026-09-22.md	2894	6dbc9482db1e5e8f69306ad88b95ab0e6dec57fab7a4745108a4d0747a4ed60d	21303171024d9ff1051afecc5789aee33fcb8e1b
lab/governance/astra/packets/R2-P5_SCHEMA_ACCEPT_2026-09-22.md	3299	712e4771bf2783dbee1e4c553194cd2896a468184f2849f24e58c3eb350ff499	fd602baa2c996308fdcefb03e7a02f9346141048
lab/governance/astra/packets/R2-P5_SCHEMA_STUB_2026-09-22.md	1742	64a6717543c7c7a8b4a6d980ec97ee2ec6088a75c6d8b9ef732c8b1b2b1d919f	ede94cbfd77c6a03531c79dbcd276f907b8159b4
lab/governance/astra/packets/R2P3_KXNFLPASSYDS_SETTLED_RESOLUTION_JOIN_HARNESS_FREEZE_2026-09-23.md	5732	9ad3b0112243c1020aec2bd6ef0df15011b065c30aa691a988da02eb08be1e0b	15e24a1d5a54d351de6bf0afa5b0e4efa3d954b3
lab/governance/astra/packets/R2_P3_KXNFLPASSYDS_PROP_LADDER_HARNESS_FREEZE_2026-09-23.md	4711	f8335eb0080cb1f82b1fad512509749134dd0e6e41ed85795347c3476796e87a	bbb27d06303182b01dbf8c2d31323c560ce1e274
lab/governance/astra/packets/R2_P3_PANEL_STUB_STATUS_2026-09-22.md	3579	8c1efee137470ed576134d3ab1174ed412951d86efd390c26f9873f194395df7	b226b04b6518f8669f7be8eef27aecad935545e4
lab/governance/astra/packets/R2_P3_PROP_SLATE_CAPTURE_PLAN_2026-09-22.md	4986	56c4b835ea9853c76d81d69eb2637ae64acc9e889b67446017dbde79a4473166	f8b518ff92807244a12f56e94e3f54eb0b49aa04
lab/governance/astra/packets/R2_P5_SOT_ID_HARNESS_FREEZE_2026-09-23.md	5145	0424455f062b7c46c7c6161b84fb7b29702719acc45bf6a61b4e8f16c5e26457	d1e3fce822b0cab7343546af9e1df8b580c0ff33
lab/governance/astra/packets/R3-P1_FEE_COST_VS_MODEL_FREEZE_KERNEL_2026-09-22.md	2713	c4e0a4448b783765154c061e945023163f0a6d59f0cc960640195515c83e944b	400369529c936b506937aab18c8838aefe41527b
lab/governance/astra/packets/R3-P2_JOIN_SCAFFOLDING_2026-09-22.md	1496	4f0c8104dea51bb91ce8f80f67edd4f45752f033d81fc81ff14777e21358feab	e07bb954f06c533444083cde997c7c677496a6cd
lab/governance/astra/packets/R3-P2_QUEUE_POSITION_CALIBRATION_FREEZE_KERNEL_2026-09-22.md	2029	d2e8b21d0c9ff818aea5ab462a6c91c8a7bccc11ab6ae7538169041ed905c8c3	65693fe4f8f3577de4e5589fd03cf7919b297613
lab/governance/astra/packets/R3-P3_ADVERSARY_REFUSE_BIND_2026-09-22.md	3045	6b6690cd6bf3b7e4833919a8f16be497027902ca726d22a64ef4bde2b29d5636	808c79b8aad219bb81d60de50ca3c5ec17e4a491
lab/governance/astra/packets/R3-P3_COLLECTOR_STUB_2026-09-22.md	1368	3dc452ebfa82bd233abfce7aa1068ed4df71ee1c45fa9d69c73a53893d9f11ad	3ea114f6a57140c62845e763ec97fbaaacc4ce4d
lab/governance/astra/packets/R3-P3_FL_MAKER_TAKER_BANDS_FREEZE_KERNEL_2026-09-22.md	2434	0ed697149136acb3aa840aeeb79d11c8f6ef80f37ce4dd692a3cb690212206a7	47d68d87bc30117ec7f15fd87f2fcb14a35bb169
lab/governance/astra/packets/R3-P4_L2_SHAPE_LONGSHOT_DEPTH_FREEZE_KERNEL_2026-09-22.md	2332	4a4e7cc61efcb436955c566edc7a2681603a014725bc79047f9d825392064528	514e38ef832dae210a3d28702edfe4e667ec35b1
lab/governance/astra/packets/R3_P3_FL_MAKER_TAKER_CAPTURE_PLAN_2026-09-22.md	4349	c5be89ae1fb5d4c33022f3cb960b68dbbba13519985fe0f4cdb6b7c0cd737da9	921f814fe3537f1c6b20ff54d5677629368464e7
lab/governance/astra/packets/R3_P3_FL_MAKER_TAKER_HARNESS_FREEZE_2026-09-23.md	5438	fbc58539b7a469d005b7f75b786efddecc1028a3bb0da601bc0082c9d4aab179	dd5768238920ccc23123873e983fc882c454c293
lab/governance/astra/packets/R3_P3_FL_MAKER_TAKER_PANEL_STUB_STATUS_2026-09-22.md	4145	7ef6a2d00390d2edc8c79110508aa5fe8c5d547661e2490611915b799949f923	042d13b25fd2af21ac5cbf36ba6ec144486aaf2f
lab/governance/astra/packets/R3_P3_FL_SETTLED_RESOLUTION_JOIN_HARNESS_FREEZE_2026-09-23.md	5735	7fcfc36ab4761e2dec56018b498372fb63c402f2582fe848e8775e28f9b720b9	684f67e67e7a5277fb84b888de4b7033ffda2c61
lab/governance/astra/packets/R3_P4_L2_CAT_HARNESS_FREEZE_2026-09-23.md	5307	3fc370d93f0ea42864f7bf482d7f6515254999c76e2fc4477df1273bfcdc051f	eab1b203263631e539b92f431f7345f7f2112536
lab/governance/astra/packets/R3_P4_L2_SF_HARNESS_FREEZE_2026-09-23.md	5768	f00425261f085aef90e93b186810a0248165273f8bb923ef3597940a9e8345de	436bb773e29fea93bcd1d8224b93f6c18a679740
lab/governance/astra/packets/R3_P4_L2_SHAPE_CAPTURE_PLAN_2026-09-22.md	4274	4f7a2749ca17ea8074205fcc7114a10d83487495c4135bbb5f60ffafbf201389	2c3de88c7e0be4a70603928269330d24560369c4
lab/governance/astra/packets/R3_SUITE_ADVERSARY_REFUSE_BIND_2026-09-22.md	2336	e22e5b08d2eead52d6037c7ba2c4f9fa0b3e748c45a9ac387427bc9c348fa5bd	370988290a091f4e8b5170dc1d03c9690e2170e1
lab/governance/astra/packets/REFINER_PASS2_DIAGNOSIS_Q7_ARM_B_2026-09-23.md	3911	a9539677db0c775534f3b15c07bf572d3d8877844867561e49b059716f1af292	dcf654230614c05aa2ab92bd986a00caee6efb1e
lab/governance/astra/packets/REFINER_PASS2_FREEZE_Q7_B_PORTFOLIO_RANK_SIZING_2026-09-23.md	4344	5f70d83abe5f45f01a29f5bf4bf10484f934715990aed4759630ee6f90392bfd	3c087991b734f8fe2afba9b0bff52bbd0c4f8426
lab/governance/astra/packets/REHAB_POLICY_EXTENSION_AMENDMENT_2026-09-24.md	1459	59c2222590103838cdf119691c9cb67a92cdd601b254760af612a993000aeba8	eeb3c69ece9e0edba33ad7d16487a3a790a7788c
lab/governance/astra/packets/RESERVED_HOLDOUT_REPIN_2026-09-24.md	6434	f4ee77b8274bfd712fe030f4d6415df93c2b8dab61cfc6393f658cd0c828a8df	43dd22c9768683bfcfd161ab20c00538091057ab
lab/governance/astra/packets/S1_KXMLBGAME_CAPTURE_PLAN_2026-09-22.md	3610	48fe87b5316b4055114ecc34ad508cfdda1dc933deb3808f5891b619486e0d44	9039f9a3f4cbaffbcbf30c77fb0f505ddf64c27b
lab/governance/astra/packets/S1_KXMLBGAME_MEASUREMENT_FREEZE_KERNEL_2026-09-22.md	5945	58a0c20182a075ba339629f94451fb65b7876d635ecdd51338d1c2dd852279c5	4681656f4828e50c0aa5a2270e781296cf107f43
lab/governance/astra/packets/S4_ADVERSARY_REFUSE_BIND_2026-09-22.md	1787	e97b9fd6facc507017e06668f9fbed7da8d273aaf67817b4e72cd0cf6a44aa0d	92c8c102e8e349e6c0b13ffa71d8d66581bc6ddd
lab/governance/astra/packets/S4_KXNCAAFGAME_CAPTURE_PLAN_2026-09-22.md	4967	f59d30c36c827f07e296a38d08c1e50c00f389c4526bb08f15c3a3c079326feb	1839a6c54308662197223ba3261ec744a2571326
lab/governance/astra/packets/S4_KXNCAAFGAME_FEEQUEUE_HARNESS_FREEZE_2026-09-23.md	3365	3318204bf6e962f4f3372dad8c0f302e62d85c26b855de7369718654d0114728	bf23fc4ac3a6d1273f0368d40333052cc1658e54
lab/governance/astra/packets/S4_KXNCAAFGAME_MEASUREMENT_FREEZE_KERNEL_2026-09-22.md	7305	9e6556c150c726b679ac8393f1f5338cf983489259b0f34cdedf221c030be795	4aa94ee18d958a301bd5daaf7ac3de2511b1403e
lab/governance/astra/packets/S4_KXNCAAFGAME_SETTLED_RESOLUTION_JOIN_HARNESS_FREEZE_2026-09-23.md	5638	3a8e8ba52edd6acdc342c6a2faabb08665fe8a7a76e1b28af1c8e18850b03d99	1f0b44490d7db161feaf2e619de24a16c0b2573d
lab/governance/astra/packets/S5_ADVERSARY_REFUSE_BIND_2026-09-22.md	1887	8fca1e5eef10afc2fd8d3e4511d7bb25bf93bdff09d0e6e67c0610ba6073a002	618725e41181ce628ea9482f88aea0a0724102e5
lab/governance/astra/packets/S5_KXMVECROSSCATEGORY_CAPTURE_PLAN_2026-09-22.md	5829	fd3f2c111f22dd88abc543e3d5e8777d28156222dceb03a1cd32c26ba34a4617	dca57b34141e4e4454c5c680ca34045b2a55cc8a
lab/governance/astra/packets/S5_KXMVECROSSCATEGORY_FILLLEGS_HARNESS_FREEZE_2026-09-23.md	5409	8a118e6f1fdc8c22c6e559f395667aedffa5d270d067e39b6ae3ee24b2046d16	aad36f00201a231b0a350b1d18ad99611eaf1cf5
lab/governance/astra/packets/S5_KXMVECROSSCATEGORY_MEASUREMENT_FREEZE_KERNEL_2026-09-22.md	8821	a28932ba13b4913b69c48b73dde8ba066cebd212670d0b1cbb5ea8e93734b8ba	f5f423e47cce9e947eb8e17abd7ace85159f83f7
lab/governance/astra/packets/S5_KXMVECROSSCATEGORY_SETTLED_RESOLUTION_JOIN_HARNESS_FREEZE_2026-09-23.md	6285	cd264a4d41ef055d1cbca80a5dbe6756746211537fb24799dca9dde8980cb799	f1a5ef1e3cb9baa45ac9654f2be51dd3d31623ec
lab/governance/astra/packets/SOFT_BLENDED_RESERVES_000_FREEZE_2026-09-23.md	6548	1f263dec7d7810515c3e32c13f3c5eca4344c4951db762a88ea01a8dfde7b1b3	13f4fa6aac2e272c2f0168fd48c8a417c84f5fe1
lab/governance/astra/packets/VARIANTS_FREEZE_ATP_KXATPMATCH_MEASURE_HARDENING_INFRA_2026-09-24.md	5212	e7c643a2b9a07b310cc589ba6d36ba189f6202d73ace595a1a3d38e9e40760a9	1372c9143d6811ec1e4ad826636638d6231813d8
lab/governance/astra/packets/VARIANTS_HOLDOUT_MAKER_NULL_FEASIBILITY_NOTE_2026-10-02.md	21906	75fac6140d1aa906aef210dec1d3390afaa7876bfa15e4e9cf7e0fb4a4de5f2a	f85cdabdea9908c34033d7a96038f48bf369f43a
lab/governance/astra/packets/VARIANTS_HOLDOUT_PREREG_ADDENDUM_Q6S5_KXMLBSPREAD_UNTOUCHED_CAPTURE_2026-10-01.md	22921	370dc31df17191446013b6cebb52d44ee8346f47d2f5b543a1c73049ba52c063	36152c324a39d91791661d2908484092bdc45832
lab/governance/astra/packets/VARIANTS_Q6S5_KXMLBSPREAD_STRATEGY_FILL_PR60_SCORABILITY_FREEZE_2026-10-02.md	46352	213ee6dd33f292c8041977b0b8d7566da9412fd3debe0597643c500dc1e42db4	815ec017a2a488016f2264afd0f785233bab2295
lab/governance/astra/registry/FEE_ACCOUNT_MANIFEST_v0_DRAFT_2026-09-24.md	6391	34805bb996cfb4b14c502b8d27422e177edbae968c80a723cce9ecabfd54f906	850f798208118e6008bb6e872290aa8f491b778d
lab/governance/astra/registry/PACKET_INDEX.md	106195	f1078a6e3363f65b0048c92528f51ff0ff22cd9c93bab505a52f4c858e9490ab	3fa34c494700880af962d6458b091785ad466a11
lab/governance/astra/registry/RULE_FROZEN_EDIT_PREV_BYTES_2026-09-24.md	1282	f0aab7d15ca78a097644008db02013eae3a56cb81b2a6aef2cfe6faf21e3e6d1	7a50b2fa46170982abe7e4cfaf8b80192e04172b
lab/governance/astra/registry/STATUS_2026-09-23.md	947	d8e4c68cb41358005cf9252a9bcaa6377adc8fe784ebe1a07cddb209711d94c8	1a7f15221650c115837779fffad22e37396797fd
lab/governance/astra/registry/STATUS_2026-09-24.md	20588	bed8e99f68c3abc9823a98c2aeca6fecb776f198d5099bc449a436c1ac179a2a	2cef957f24da697f39be08cd5043db3db89c72c4
lab/governance/astra/registry/STATUS_2026-09-25.md	6042	9d4e09468e4a81f892b48d035ef661289a88122abc6b6410bb027e1d5a543bfd	934c84ecf204abc003057e5b78477d7b1199509b
lab/governance/astra/registry/STATUS_2026-10-02.md	2606	65cb4a0d91b6eaa8dff6d154ef08a6860396fea4216cb0ed7e54c19e47256bc9	08593d397e27269a58f153149c99c4436dc870d2
lab/governance/astra/reports/DESK_REPORT_FACTS_2026-09-23_1445ET.md	15261	33fee699f1bba1db9f96e70426c0884c434e6c8c726750d9f8244f9950df6bd2	d23e51ba157f1152c0e82beac3fed33f1f3cceb0
lab/governance/astra/reports/RPT-Q7.md	2093	05345c3e2c3a04f3c218c91d99e5ec0fe3b6204383fd9bc725e6ce1e4293a7c8	a82b240e48fc9eeb700dbcf8cbe353a8e10a8769
lab/governance/astra/reports/STATUS_C1_KXUFCFIGHT_ADMIT_2026-09-22.md	1139	57183d815cdd8b53a31a9f5fad13cbaf5d63bf7686fabdab258611781f382c51	a381dd54dd67b1904face51d8e2e7ed592cd2a6a
lab/governance/astra/reports/STATUS_C1_KXUFCFIGHT_PANEL_STUB_2026-09-22.md	2545	3e3a51e43a2c381bc9db4413667f116377871cd96c9fb2eab5719d9e324d2a60	e030f3d6d356d2f08decfb84e213b14024cd4157
lab/governance/astra/reports/STATUS_C1_KXUFCFIGHT_RESOLUTION_CAPTURE_2026-09-22.md	1279	e8af7151f6a7e37d8e0ee660a984512bc08c781500935343dce931bc21b0191a	c4db7a34cf2a20ce517800c1ce8b7ac6ed03fca6
lab/governance/astra/reports/STATUS_C3_KXHIGHNY_PANEL_STUB_2026-09-22.md	2887	63170c8ae4276c4e3df5389c50fb9b6ef33e6ee4413de3bc2115f410194a81a1	c484b56c575c198371250b4703df2328572ab86b
lab/governance/astra/reports/STATUS_C5_KXBTC15M_PANEL_STUB_2026-09-22.md	2313	1a00dc272bc35917e59e92753bdfd31c3c862232d774e717fa268cd3d849c70c	29f4c546c1362843f8ddf66a86ebb0191092db3b
lab/governance/astra/reports/STATUS_R2P3_PROP_SLATE_STUB_2026-09-22.md	2432	162d1107a86dab476380e5803fc97c8e4a3e60b40982471a86ecfda8fafcd206	eb8ae04122ed85418f1bdb6532f06e39e081234f
lab/governance/astra/reports/STATUS_R3_P3_FL_MAKER_TAKER_PANEL_STUB_2026-09-22.md	4145	7ef6a2d00390d2edc8c79110508aa5fe8c5d547661e2490611915b799949f923	042d13b25fd2af21ac5cbf36ba6ec144486aaf2f
lab/governance/astra/reports/STATUS_R3_P4_L2_SHAPE_PANEL_STUB_2026-09-22.md	3673	3a971d2995a655dee36ce212c4fc4f7288ada8bcef855dd330e0f49d0d61237f	499a56325f85fda85e222b5bf7978668628c1cba
lab/governance/astra/reports/STATUS_S4_KXNCAAFGAME_PANEL_STUB_2026-09-22.md	3839	992eb42ccc731001c5ce4e5f006012d09296af13f97d50a98e7d9c05df25a0fe	55bc4863a8db316b2932d012856ce6e99ffad40b
lab/governance/astra/reports/STATUS_S5_KXMVECROSSCATEGORY_PANEL_STUB_2026-09-22.md	2797	3e4962c87705e4842460b8c38bf95b58e13280799138d798d164792398796567	9c6193aabd130eb4b649de9b73a2bd5f936a551a
lab/governance/astra/seats/MECHANIC.md	1294	5bac80fec5c20dce38c0ca843b5f645c456be6f347470c49a08e27b5109c6e53	44c9a0cefa3005036350e7e4e56bbf36195ac645
lab/governance/astra/seats/REFINER.md	2087	18e8835638a55992c812aabf7daecd0331642534d071f4a614282b008ac25d9a	16ba89d01b581f3a6cc067792207c0300a9a89f6
lab/governance/astra/steward/DOCLAG_PR_REGISTRY_TEXT_2026-10-02.md	11109	d0c872cd65109a402ed2e5212a1a9b7e7fe9366af06ce77f60cdada5f3686a8b	991ea57194345d7c531b3c9e6fb56d936825ce9d
lab/governance/astra/steward/GAUNTLET_SYNC_ROUTINE_PROMPT_v2.md	12548	bb0a90e567c44be76928759b3d6aa20b8effd1beff9a8663f4a8c1e688ed7a66	d8112dac3a6b50bf5d26548e6f3ab79e64d9e559
lab/governance/astra/steward/GAUNTLET_SYNC_ROUTINE_PROMPT_v3.1.md	26732	df2f54a65ad1d2a0611e446d4bd6cac0df098402a54b838d35ac3fef1aa52997	265de19f233d6cd738a10836968aab322ad9a840
lab/governance/astra/steward/GAUNTLET_SYNC_ROUTINE_PROMPT_v3.md	14623	cc0a17895d32a2e3ca97bce915849a4405c402dcdd0f514c3d97665f53484ed2	8d88e946d8266515dc0022755cca8b98fb40f47a
lab/governance/astra/steward/HYGIENE_2026-10-01.md	23968	ba87179df57f4e692e1d9f7e0796dce1589ac01ccd78f6bdf3cc559fbcd3b7c9	a00014fea2681d629e3512e3f872ddd56b231f67
lab/governance/astra/steward/HYGIENE_2026-10-02.md	15083	a8a8880863ca3f9c57a498fbaaf53ed3a08acd38467ee069b5e0440e23698ba7	d2485699b64528491ce2d7f61ff7c3231ab60536
lab/governance/astra/steward/NOTE_TO_COLLECTOR_2026-09-24.md	2808	e9f8932138d9fd891c74664a589989e99228e29f748336f71f2dae4ee46c9697	31bc5ff7f62484b36d8f8873df0699fc26aec007
lab/governance/astra/steward/REPAIR_GV2_CLOCK_AUDIT_W2A_CF_T14_JOIN_2026-10-02.md	1035	bc67ad71dbae9ad97062664d55633c9675587c7053300f98379b3ddb9a281929	57163add3e1640d4f582b2d45cc600dbb8664c64
lab/governance/astra/steward/REPAIR_GV2_CLOCK_AUDIT_W2E_STRIKE_L3_JOIN_2026-10-03.md	2878	5ffb5e4a2efacf479e3e8eccb6eca78eb99f2bae9c0596118dd223cb4bbb823e	e0990782caa34f5ffdb08c9c7151a498c6d86c1e
lab/governance/astra/steward/STATUS_JSON_ON_MAIN_PROPOSAL_2026-10-03.md	5375	a1a8acd93221ab72518d7e13d6d1755aeaea31b5218b3746efb51b8a163b0f9d	090fe60d9e5ff1defa26302cea58b10a40a868a2
lab/governance/astra/steward/STEWARD_CONDUCTOR_RULINGS_EXEC_2026-10-01.md	23305	133302a440281647f7589f29dad54882928c3d43253e77cf9bef78dbb6f5d578	138cc52e81201959da9f67d9f6dd353fcbc82ee0
lab/governance/astra/steward/STEWARD_SYNC_ANALYSIS_2026-10-02.md	16510	b49137046b8ced77325ca20cc921d7f00bf647fc94beb8b597d6168a55a32436	7205dba984dd2b1d4c7759211e75868a5a3c0f54
lab/governance/astra/steward/doclag_2026-10-02/CLOUDAGENT_FOLLOWUP_fleet.md	6961	0e84488cb0fa3798b439cb7c72dcaee42ae24b0ec56885ea73486084244188fb	48682e63217a42ad44b175fee5a303d165acee03
lab/governance/astra/steward/doclag_2026-10-02/CLOUDAGENT_FOLLOWUP_primary.md	7636	c5520f63a8b3d714d21cb3cf34e0a75b64c2fa4abfb491768dd4741ee19eb6cc	672109eaa3b8c7ff1301c5bdb1e58a122a70eaef
lab/governance/astra/steward/doclag_2026-10-02/CLOUDAGENT_PROMPT_fleet.md	8610	b2fabf262883df290ed8564410bf3e8cf0115aa7b7327925c3cb3a5bff06ea79	5471c59af00d8aa89bfa1e1c8f2ffd096e438701
lab/governance/astra/steward/doclag_2026-10-02/CLOUDAGENT_PROMPT_primary.md	9463	8bc489fb3e98fdcee43fcc308c458fce66fd7d3e49a2c43bd6428cd57402b02c	b13124298de3b511cbe7477457bfbcd1b9f774e2
lab/governance/astra/steward/doclag_2026-10-02/fleet_new/registry/STATUS.md	1007	efc3a8c3a3e3e6aa434507f4b545dabba0318796c7c55807568ff05dd1a27017	371702933afd67a7845138496360180fb664906c
lab/governance/astra/steward/doclag_2026-10-02/fleet_old/registry/STATUS.md	488	7e22d2a95806e1797774cf0205a7b989fc671e4c3dd40ca2813d3a42efe0298a	7e7b33202ef032ff722b4496b18363ed614e7d61
lab/governance/astra/steward/doclag_2026-10-02/primary_new/README.md	13180	a4e97325cc42d856b91cdaa618c6ea45f99668e94d7af5c55394e498cd519cc5	680b6413e6210593a120243fc50bdf5f93de1c47
lab/governance/astra/steward/doclag_2026-10-02/primary_new/docs/EXPERIMENT_REGISTRY.md	111851	d1d01784ddb50629a6842f0f9055e22f087c48c28eb43ba537e135f5f47660a6	ecaa2a548b3ee6fd632b67b34e80a8b4b53d3fdf
lab/governance/astra/steward/doclag_2026-10-02/primary_old/README.md	12380	8a40c2123f4306908c9afae623592390cdc9ac5b3efddcd01b08470fc6efd18a	1e564370df54ce697d51bb5815c210f1c552d617
lab/governance/astra/steward/doclag_2026-10-02/primary_old/docs/EXPERIMENT_REGISTRY.md	111615	8ee066c3f13fe4677b9a4f7b753a57ada43d8aa81229f2ec3c83af16c1a1e30f	0f5e8d801f3fead1866b3af6f96ba348ede1b915
lab/governance/astra/steward/doclag_2026-10-02/r2_fleet_new/registry/PACKET_INDEX.md	985	0b8aa0ca5bd927b47053e9ddfa3744af4ecfedff2e94888f8ced6ff91947331c	0800c2145b33076a6357fb68b7dd90a49db76659
lab/governance/astra/steward/doclag_2026-10-02/r2_fleet_old/registry/PACKET_INDEX.md	566	92320112b06f48f60d4a8aac5e793462e70eddf52acbd58ad007b56968c880e0	eaba7027cff5a86c3571fec709a381b5ee67662a
lab/governance/astra/steward/doclag_2026-10-02/r2_primary_new/kalshi_q6s5_kxmlbspread_strategy_fill_scorability_lab_20261002/README.md	769	c9cd9b68ec32b72692a4ed959f40cbdfff42a57e54457f74ff86534a2c6e545a	580a110087f2ad8b7761bd41a2a494ac9f19116f
lab/governance/astra/steward/doclag_2026-10-02/r2_primary_old/kalshi_q6s5_kxmlbspread_strategy_fill_scorability_lab_20261002/README.md	676	9a8bc5c6727c8abd30d83e4bfc1b9e6553aae6c449331d11b37b1bcd5ec5b83c	8b625bf333c2d581f816789dbcbd0b2a8e13d845
lab/governance/astra/templates/EXAMINER_KALSHI_SCORECARD_TEMPLATE_v1.1.md	11523	7880d0d135b001250ebb637866d46289486c8cf7435e9f1c11fb055f11e8d52a	e40c731b133c80c2a9a576c7ab1534b0847e73a3
lab/governance/astra/templates/EXAMINER_KALSHI_SCORECARD_TEMPLATE_v1.2.md	12484	ad1dd2834652b8e9be331ddf2f3ec900ea587efb042251fde6452532b2e36394	e9b885a18f7a58b3c2d3dbce3add4e820d8fed48
lab/governance/astra/templates/EXAMINER_KALSHI_SCORECARD_TEMPLATE_v1.md	8939	7d135303c40852c4dc6bd7deb718f14d6e68a7e8b30a1de8b6ea538fd03fd54c	0b52a16fd26caa242e1ac98837020450b4d25a05
lab/governance/pulses/PULSE_2026-09-22_1855ET.md	2516	db047dd1d3d85e4d49c10db6dff8b4932a77daad2b2dc113b33d9eafa9209e38	43c9cc0d80c77700056f913e883f074c0d3e16cc
lab/governance/pulses/PULSE_2026-09-22_2002ET.md	3554	745382ab9bee12d05b249e3ddae9b8e7132d4d08c2ee0b1e1c851a9fa856d02a	5ecab2fc4211989eeb06c6b68995f48eafdac011
lab/governance/pulses/PULSE_2026-09-22_2055ET.md	4472	a5817ca3114108dd9a264ff90bb525aa205885de8772e6c2c0d9838ac47abca7	f7be7d8c8e020b3bebb2a6697f3aa2675f8e202e
lab/governance/pulses/PULSE_2026-09-22_2202ET.md	4307	b3ba8ba5a927a2d8210def7e2db5c77ef0a4c78819bed483b5342c5cbe75b244	87bf8a9065b1063a3c648ce4d7a2d03d96d6086b
lab/governance/pulses/PULSE_2026-09-23_0919ET.md	4062	5221ea5a22cc47aaf4b59699c1b09950bd1e62ab0cb0dea0352158657d29460a	82096a40e074d95bad43ea031e34b13b2fb4955b
lab/governance/pulses/PULSE_2026-09-23_1025ET.md	4453	ae4cbe2b23195253700844b57361733531a7f3589f32c017798f8a749d00f154	c2ad85034dad6b62d81e1ad66249188df1db787e
lab/governance/pulses/PULSE_2026-09-23_1128ET.md	4618	0291056fd762a64671317f0c3dfe0ae42bb2aeb5bf898781723917dad8dbee18	4e93037e99510d970bda97094f980ef23a4ac7ca
lab/governance/pulses/PULSE_2026-09-23_1229ET.md	4709	c29e3d3410e22b4df83f7d59a46ae0a72dde27aad48c06dbf7e9f85ded88ec84	89ad7734f5df6f4d683ce954e8e68f198ccc378d
lab/governance/pulses/PULSE_2026-09-23_1320ET.md	5327	93183b82603609b085e3e04ea27be08315106614f503d50257dc1459e27dd081	97f6e64f6f066f7262a7774b3ae56ec8682166d4
lab/governance/pulses/PULSE_2026-09-23_1413ET.md	5418	574dcc5f8be7c2b30988d58d15dea03ebe7fb55d70ab3af4e790ef2f178ec570	f4600a58c61393af5c4c3f7bff550e7b677db325
lab/governance/pulses/PULSE_2026-09-23_1504ET.md	6612	5ca8b93edc4f6978f7e5726e825df80e3b224a30f8e9001fc10c780ba49748fb	799e73b2927e4fd9e38e2a9fd50f9ad0fdc059bc
lab/governance/pulses/PULSE_2026-09-23_1614ET.md	5106	2a79cf1f66a7e11aa04ec86c24fdfe826f385a69f1abaf2aaa9de62bada01afa	b4d9bda489dfb1419413c57ff302bd19a620a984
lab/governance/pulses/PULSE_2026-09-23_1710ET.md	6679	1665d0acab85c196fb3d54af834783be3a0916f5a1ae6950256341acd2ced3e9	87b1704731686f8bfdb132aab78f18400bb4ed72
lab/governance/pulses/PULSE_2026-09-23_1715ET.md	4607	61ecacbe2f1a49d435d75135998e5728044367ecb4394adaf9ecc9d94aedf256	3474457e1a1adafec6349a0a98bea4b38cfdc072
lab/governance/pulses/PULSE_2026-09-24_1853ET.md	4197	786e039a0fac746892cd4ff1bbf4c859fc8cfe1528cd76a0dfba295683e390e2	aa5213c3cf05de5ff7732b0465b5300c6d3b2cf4
lab/governance/pulses/PULSE_2026-09-24_1947ET.md	4560	8bbd71d9018bef653128bccf00c104d6bc8de9346bd30ad5db463726cb02dd34	1a3f09928a8f94e48fdb7e37f04299347996e994
lab/governance/pulses/PULSE_2026-09-24_2049ET.md	4533	fa68281fe1d89833614774a04650209bcb200237720179e1c840341d68c43e5d	ce8d972d751d963e173bc4db0489912271389d8b
lab/governance/pulses/PULSE_2026-09-24_2149ET.md	4900	622a97eb5d1ea7da2cd317276328fcd61e2636c25bcb1c3d368bee40889ad6c4	d38913222d0bfc93297d45615774e8bd7865380d
lab/governance/pulses/PULSE_2026-09-29_1655ET.md	4070	8707bcc6036993a62605efcc2fdda9b759732c7c0305ef8ce362ce7b8fc3d1b3	c42ea991f53f16d6e936ecc288b2a5a4420c28e2
lab/governance/pulses/PULSE_2026-10-01_1848ET.md	3773	bf4093fbfa600ea6a2a7a9b01655bfe28434974f381791968be5d105f1385b4e	a14b2a3a1be129a4fd255179903a25ab7ba4c2c0
lab/governance/pulses/PULSE_2026-10-01_1954ET.md	3805	2e7c13123d19b7a652554f067c888215b59028de3bffc9b9131cc0dbf2359eb5	1af61785e77095098b04e6e0c7d6c82081e46a4e
lab/governance/pulses/PULSE_2026-10-01_2053ET.md	4890	1c69e5070f57dcfb645a037c7da6d455d37a3667973dfdb9d8e36a8c48136be7	54600ef0423d48363923933cec48c313b86ca86a
lab/governance/pulses/PULSE_2026-10-01_2145ET.md	8070	47808b61bdd50555ac4bb52df3be5b0b77e0f5585779e353dbaf9ec2e29641e0	e8bc8c3ee72f475c00f3cff90891d159953c3ac4
lab/governance/pulses/PULSE_2026-10-02_0849ET.md	6970	624f2ca23a26b627917d406dc4556f1235a50d83d68d45f0aef81b85cc0de0c3	2cc15297eddbf1db62065e605c4e8b5450193352
lab/governance/pulses/PULSE_2026-10-02_0949ET.md	5448	e7f7dda8923a7f6e06c33514bb67fc40a10a227138cd3e7cb9706b8cc6c94bc2	90c1c0c0bee968d1a065b3fa754618164e875279
lab/governance/pulses/PULSE_2026-10-02_1049ET.md	6616	e2e8e12b7ee58b3693ab6d56d411706073205d045488e2571b3aee89b6b2db69	9e00d7278fb248130e691713345f0f918a8ca52d
lab/governance/pulses/PULSE_2026-10-02_1147ET.md	6884	1e7ab294db186703189c5daeecd95930e727bdacc97dd1cbb681b3e14042e141	fcd3a2065d5f177f40167793e33d06b484159c8b
lab/governance/pulses/PULSE_2026-10-02_1247ET.md	6559	20d3fb976db768aee79ee3c54be838bcbd30a93de2cefefaa4cf6126b1b23625	91eb5b4a75d7f4f8403dae75bb2ffe36b6b21f8d
lab/governance/pulses/PULSE_2026-10-02_1351ET.md	7543	b64f836efcc5f3e1bd60bf70f8dcad86e2770a936bb1b40ff6b0e63c59cb4a23	903fabd39c3251e881ffdb701ea75ec37bb55427
lab/governance/pulses/PULSE_2026-10-02_1451ET.md	8235	8132075842255138b18395dbba45fe8b506a00a3b3b83f7ff117e7374bda0571	8ee954082a197a9662b17f1f5115e7f225546ce7
lab/governance/pulses/PULSE_2026-10-02_1553ET.md	8319	cde384dcafedb106fe8359c84d3ca8e7fec00a2c7e54ec72c32275aeb72e4d89	20fb580e05925337682b74fad56c09d3d86cfa30
lab/governance/pulses/PULSE_2026-10-02_1645ET.md	8416	602de93798ea2be1a05700618d5732fc84c3725a23123b7e41bd58b8bbee9085	b619220317a60066a258a6e2b2b4f32a4663e07c
lab/governance/pulses/PULSE_2026-10-02_1753ET.md	8127	54927f79c1b6ddefe58951ceb7f0a49906e07451438b7e771329bad6c173f881	23d69b5433ab80e101a19e8965840bada15ee05e
lab/governance/pulses/PULSE_2026-10-02_1849ET.md	2463	088f3eca224f736757c9aa79c117d5de05dbfd059c62c22fc29e32f63a14f4a7	b669d1d2e59814043f965c8f1c0376bbfa4e0d2b
lab/governance/pulses/PULSE_2026-10-02_1945ET.md	6257	d28872d59abf6807bb7c77dcc9d2ce7656271402c08fbf54a2850a598572b791	b9b02fcae9e84be89e278539a0ca5d887d9a02f7
lab/governance/pulses/PULSE_2026-10-02_2050ET.md	6226	5dd0173c43b188835b4856250c91ff021aaaf2a2d8039726f9277bbf738e5a1f	6a7bb35fa27eaba630f7cd10f3bd470826d2dde6
lab/governance/pulses/PULSE_2026-10-02_2150ET.md	6100	32614ed457cf2598b1d90c8e22ec14248268173f9fb6e4491ab2365d9fb895ef	822fc0383cd1d01fc2fbd01748fe4feffb8b5c78
lab/harness/examiner/fixtures/README_FIXTURES.md	514	5d0399b563bea06c6d9220b417d986c7c2a0ec2d43150674b952d88629899b8e	32de2d5c47d2c6e7a9b0ee56fee0841c0d7176e6
